year,company_id,n_directors,n_political,n_national,share_political,connected
1932,C00001,11,1,1,0.09090909090909091,True
1932,C00002,1,0,0,0.0,False
1932,C00003,2,0,0,0.0,False
1932,C00004,5,2,2,0.4,True
1932,C00005,7,0,0,0.0,False
1932,C00006,2,0,0,0.0,False
1932,C00007,1,1,1,1.0,True
1932,C00008,4,0,0,0.0,False
1932,C00009,6,0,0,0.0,False
1932,C00010,2,0,0,0.0,False
1932,C00011,1,0,0,0.0,False
1932,C00012,3,1,1,0.3333333333333333,True
1932,C00013,3,0,0,0.0,False
1932,C00014,3,0,0,0.0,False
1932,C00015,3,0,0,0.0,False
1932,C00016,2,0,0,0.0,False
1932,C00017,1,0,0,0.0,False
1932,C00018,7,1,1,0.14285714285714285,True
1932,C00019,1,1,1,1.0,True
1932,C00020,3,0,0,0.0,False
1932,C00021,2,0,0,0.0,False
1932,C00022,1,1,0,1.0,True
1932,C00023,10,5,5,0.5,True
1932,C00024,1,1,1,1.0,True
1932,C00025,1,0,0,0.0,False
1932,C00026,6,0,0,0.0,False
1932,C00027,5,0,0,0.0,False
1932,C00028,1,0,0,0.0,False
1932,C00029,2,0,0,0.0,False
1932,C00030,3,0,0,0.0,False
1932,C00031,1,0,0,0.0,False
1932,C00032,1,0,0,0.0,False
1932,C00033,1,0,0,0.0,False
1932,C00034,3,0,0,0.0,False
1932,C00035,3,0,0,0.0,False
1932,C00036,1,1,1,1.0,True
1932,C00037,2,1,1,0.5,True
1932,C00038,1,0,0,0.0,False
1932,C00039,1,0,0,0.0,False
1932,C00040,1,0,0,0.0,False
1932,C00041,1,0,0,0.0,False
1932,C00042,2,0,0,0.0,False
1932,C00043,3,0,0,0.0,False
1932,C00044,1,0,0,0.0,False
1932,C00045,1,0,0,0.0,False
1932,C00046,1,0,0,0.0,False
1932,C00047,4,1,1,0.25,True
1932,C00048,6,0,0,0.0,False
1932,C00049,1,0,0,0.0,False
1932,C00050,1,0,0,0.0,False
1932,C00051,1,1,1,1.0,True
1932,C00052,2,0,0,0.0,False
1932,C00053,1,1,1,1.0,True
1932,C00054,2,1,0,0.5,True
1932,C00055,2,0,0,0.0,False
1932,C00056,5,0,0,0.0,False
1932,C00057,1,0,0,0.0,False
1932,C00058,1,0,0,0.0,False
1932,C00059,1,0,0,0.0,False
1932,C00060,1,0,0,0.0,False
1932,C00061,1,1,1,1.0,True
1932,C00062,4,0,0,0.0,False
1932,C00063,1,0,0,0.0,False
1932,C00064,1,0,0,0.0,False
1932,C00065,3,1,1,0.3333333333333333,True
1932,C00066,1,0,0,0.0,False
1932,C00067,2,0,0,0.0,False
1932,C00068,1,0,0,0.0,False
1932,C00069,5,1,1,0.2,True
1932,C00070,1,0,0,0.0,False
1932,C00071,1,0,0,0.0,False
1932,C00072,7,1,1,0.14285714285714285,True
1932,C00073,1,0,0,0.0,False
1932,C00074,1,0,0,0.0,False
1932,C00075,5,2,1,0.4,True
1932,C00076,2,0,0,0.0,False
1932,C00077,2,0,0,0.0,False
1932,C00078,1,0,0,0.0,False
1932,C00079,1,0,0,0.0,False
1932,C00080,1,0,0,0.0,False
1932,C00081,1,0,0,0.0,False
1932,C00082,3,0,0,0.0,False
1932,C00083,2,0,0,0.0,False
1932,C00084,5,0,0,0.0,False
1932,C00085,1,0,0,0.0,False
1932,C00086,1,0,0,0.0,False
1932,C00087,2,0,0,0.0,False
1932,C00088,4,0,0,0.0,False
1932,C00089,1,0,0,0.0,False
1932,C00090,1,0,0,0.0,False
1932,C00091,4,0,0,0.0,False
1932,C00092,6,2,2,0.3333333333333333,True
1932,C00093,2,0,0,0.0,False
1932,C00094,4,0,0,0.0,False
1932,C00095,1,0,0,0.0,False
1932,C00096,2,0,0,0.0,False
1932,C00097,1,0,0,0.0,False
1932,C00098,1,0,0,0.0,False
1932,C00099,1,1,1,1.0,True
1932,C00100,1,0,0,0.0,False
1932,C00101,4,0,0,0.0,False
1932,C00102,2,0,0,0.0,False
1932,C00103,1,0,0,0.0,False
1932,C00104,1,1,1,1.0,True
1932,C00105,2,0,0,0.0,False
1932,C00106,1,0,0,0.0,False
1932,C00107,1,0,0,0.0,False
1932,C00108,3,1,1,0.3333333333333333,True
1932,C00109,3,1,1,0.3333333333333333,True
1932,C00110,1,0,0,0.0,False
1932,C00111,1,0,0,0.0,False
1932,C00112,3,0,0,0.0,False
1932,C00113,3,0,0,0.0,False
1932,C00114,3,0,0,0.0,False
1932,C00115,2,0,0,0.0,False
1932,C00116,1,0,0,0.0,False
1932,C00117,1,0,0,0.0,False
1932,C00118,2,0,0,0.0,False
1932,C00119,1,0,0,0.0,False
1932,C00120,1,0,0,0.0,False
1932,C00121,3,1,0,0.3333333333333333,True
1932,C00122,1,0,0,0.0,False
1932,C00123,3,0,0,0.0,False
1932,C00124,1,0,0,0.0,False
1932,C00125,1,0,0,0.0,False
1932,C00126,3,0,0,0.0,False
1932,C00127,2,0,0,0.0,False
1932,C00128,3,0,0,0.0,False
1932,C00129,5,0,0,0.0,False
1932,C00130,3,0,0,0.0,False
1932,C00131,2,0,0,0.0,False
1932,C00132,1,0,0,0.0,False
1932,C00133,1,0,0,0.0,False
1932,C00134,2,1,1,0.5,True
1932,C00135,1,0,0,0.0,False
1932,C00136,1,0,0,0.0,False
1932,C00137,1,0,0,0.0,False
1932,C00138,1,0,0,0.0,False
1932,C00139,1,0,0,0.0,False
1932,C00140,3,0,0,0.0,False
1932,C00141,5,2,2,0.4,True
1932,C00142,1,1,1,1.0,True
1932,C00143,1,0,0,0.0,False
1932,C00144,1,0,0,0.0,False
1932,C00145,4,0,0,0.0,False
1932,C00146,1,1,1,1.0,True
1932,C00147,4,0,0,0.0,False
1932,C00148,2,0,0,0.0,False
1932,C00149,1,0,0,0.0,False
1932,C00150,2,0,0,0.0,False
1932,C00151,2,0,0,0.0,False
1932,C00152,1,0,0,0.0,False
1932,C00153,1,0,0,0.0,False
1932,C00154,2,0,0,0.0,False
1932,C00155,2,0,0,0.0,False
1932,C00156,1,1,1,1.0,True
1932,C00157,2,0,0,0.0,False
1932,C00158,1,1,1,1.0,True
1932,C00159,1,0,0,0.0,False
1932,C00160,1,0,0,0.0,False
1932,C00161,1,0,0,0.0,False
1932,C00162,2,0,0,0.0,False
1932,C00163,1,1,1,1.0,True
1932,C00164,2,1,1,0.5,True
1932,C00165,1,0,0,0.0,False
1932,C00166,1,0,0,0.0,False
1932,C00167,1,0,0,0.0,False
1932,C00168,1,0,0,0.0,False
1932,C00169,1,1,0,1.0,True
1932,C00170,1,0,0,0.0,False
1932,C00171,2,0,0,0.0,False
1932,C00172,1,0,0,0.0,False
1932,C00173,1,0,0,0.0,False
1932,C00174,1,0,0,0.0,False
1932,C00175,1,0,0,0.0,False
1932,C00176,3,1,1,0.3333333333333333,True
1932,C00177,2,0,0,0.0,False
1932,C00178,3,0,0,0.0,False
1932,C00179,1,0,0,0.0,False
1932,C00180,1,0,0,0.0,False
1932,C00181,1,0,0,0.0,False
1932,C00182,1,0,0,0.0,False
1932,C00183,1,0,0,0.0,False
1932,C00184,3,0,0,0.0,False
1932,C00185,3,1,1,0.3333333333333333,True
1932,C00186,1,0,0,0.0,False
1932,C00187,1,0,0,0.0,False
1932,C00188,1,0,0,0.0,False
1932,C00189,1,0,0,0.0,False
1932,C00190,2,0,0,0.0,False
1932,C00191,1,0,0,0.0,False
1932,C00192,2,0,0,0.0,False
1932,C00193,1,0,0,0.0,False
1932,C00194,1,0,0,0.0,False
1932,C00195,1,1,0,1.0,True
1932,C00196,1,0,0,0.0,False
1932,C00197,1,0,0,0.0,False
1932,C00198,1,0,0,0.0,False
1932,C00199,1,1,1,1.0,True
1932,C00200,1,0,0,0.0,False
1932,C00201,1,0,0,0.0,False
1932,C00202,1,0,0,0.0,False
1932,C00203,1,0,0,0.0,False
1932,C00204,1,1,1,1.0,True
1932,C00205,1,1,0,1.0,True
1938,C00001,7,0,0,0.0,False
1938,C00004,2,1,1,0.5,True
1938,C00005,7,0,0,0.0,False
1938,C00006,5,0,0,0.0,False
1938,C00007,1,0,0,0.0,False
1938,C00008,5,0,0,0.0,False
1938,C00009,4,1,1,0.25,True
1938,C00010,2,0,0,0.0,False
1938,C00012,2,0,0,0.0,False
1938,C00013,5,1,0,0.2,True
1938,C00014,3,1,1,0.3333333333333333,True
1938,C00015,3,0,0,0.0,False
1938,C00016,8,0,0,0.0,False
1938,C00018,8,2,2,0.25,True
1938,C00020,2,0,0,0.0,False
1938,C00022,1,1,0,1.0,True
1938,C00023,3,1,1,0.3333333333333333,True
1938,C00025,3,0,0,0.0,False
1938,C00026,7,2,1,0.2857142857142857,True
1938,C00027,2,0,0,0.0,False
1938,C00028,1,0,0,0.0,False
1938,C00029,2,0,0,0.0,False
1938,C00030,3,0,0,0.0,False
1938,C00031,4,0,0,0.0,False
1938,C00035,2,0,0,0.0,False
1938,C00037,2,0,0,0.0,False
1938,C00041,1,0,0,0.0,False
1938,C00042,2,0,0,0.0,False
1938,C00043,6,1,1,0.16666666666666666,True
1938,C00046,1,0,0,0.0,False
1938,C00047,3,1,1,0.3333333333333333,True
1938,C00048,5,1,1,0.2,True
1938,C00049,2,0,0,0.0,False
1938,C00050,1,0,0,0.0,False
1938,C00052,4,1,0,0.25,True
1938,C00054,1,0,0,0.0,False
1938,C00055,3,1,1,0.3333333333333333,True
1938,C00056,6,0,0,0.0,False
1938,C00058,6,1,1,0.16666666666666666,True
1938,C00059,2,0,0,0.0,False
1938,C00060,1,0,0,0.0,False
1938,C00064,1,0,0,0.0,False
1938,C00065,3,1,1,0.3333333333333333,True
1938,C00068,2,1,1,0.5,True
1938,C00069,2,0,0,0.0,False
1938,C00070,1,0,0,0.0,False
1938,C00071,1,0,0,0.0,False
1938,C00072,4,0,0,0.0,False
1938,C00073,1,0,0,0.0,False
1938,C00075,3,2,1,0.6666666666666666,True
1938,C00076,4,0,0,0.0,False
1938,C00078,3,0,0,0.0,False
1938,C00080,1,0,0,0.0,False
1938,C00081,2,0,0,0.0,False
1938,C00082,2,0,0,0.0,False
1938,C00083,1,0,0,0.0,False
1938,C00084,3,0,0,0.0,False
1938,C00085,1,1,1,1.0,True
1938,C00086,1,0,0,0.0,False
1938,C00087,1,0,0,0.0,False
1938,C00091,3,0,0,0.0,False
1938,C00092,6,2,2,0.3333333333333333,True
1938,C00093,5,1,1,0.2,True
1938,C00094,2,0,0,0.0,False
1938,C00097,1,0,0,0.0,False
1938,C00101,5,0,0,0.0,False
1938,C00102,5,1,1,0.2,True
1938,C00103,6,1,1,0.16666666666666666,True
1938,C00104,1,1,1,1.0,True
1938,C00105,1,0,0,0.0,False
1938,C00106,1,0,0,0.0,False
1938,C00107,1,0,0,0.0,False
1938,C00108,4,1,1,0.25,True
1938,C00109,1,0,0,0.0,False
1938,C00110,1,0,0,0.0,False
1938,C00112,3,0,0,0.0,False
1938,C00113,1,0,0,0.0,False
1938,C00114,1,0,0,0.0,False
1938,C00115,3,0,0,0.0,False
1938,C00116,3,0,0,0.0,False
1938,C00117,5,0,0,0.0,False
1938,C00118,1,0,0,0.0,False
1938,C00121,4,0,0,0.0,False
1938,C00122,1,0,0,0.0,False
1938,C00123,2,0,0,0.0,False
1938,C00125,1,0,0,0.0,False
1938,C00126,2,0,0,0.0,False
1938,C00127,3,0,0,0.0,False
1938,C00128,3,0,0,0.0,False
1938,C00129,2,0,0,0.0,False
1938,C00130,4,0,0,0.0,False
1938,C00131,2,0,0,0.0,False
1938,C00132,1,0,0,0.0,False
1938,C00133,2,0,0,0.0,False
1938,C00134,1,0,0,0.0,False
1938,C00139,4,0,0,0.0,False
1938,C00140,1,0,0,0.0,False
1938,C00141,4,0,0,0.0,False
1938,C00142,2,1,0,0.5,True
1938,C00143,3,1,0,0.3333333333333333,True
1938,C00147,3,1,0,0.3333333333333333,True
1938,C00148,5,1,1,0.2,True
1938,C00153,3,0,0,0.0,False
1938,C00154,1,0,0,0.0,False
1938,C00162,1,0,0,0.0,False
1938,C00164,9,1,1,0.1111111111111111,True
1938,C00171,2,0,0,0.0,False
1938,C00174,1,0,0,0.0,False
1938,C00175,6,0,0,0.0,False
1938,C00176,3,0,0,0.0,False
1938,C00177,2,0,0,0.0,False
1938,C00181,1,0,0,0.0,False
1938,C00184,4,1,0,0.25,True
1938,C00185,2,1,1,0.5,True
1938,C00190,6,2,2,0.3333333333333333,True
1938,C00191,1,0,0,0.0,False
1938,C00193,2,0,0,0.0,False
1938,C00195,3,2,0,0.6666666666666666,True
1938,C00200,6,0,0,0.0,False
1938,C00202,1,1,1,1.0,True
1938,C00203,1,0,0,0.0,False
1938,C00206,2,0,0,0.0,False
1938,C00207,1,0,0,0.0,False
1938,C00208,1,1,1,1.0,True
1938,C00209,3,0,0,0.0,False
1938,C00210,2,0,0,0.0,False
1938,C00211,1,0,0,0.0,False
1938,C00212,1,0,0,0.0,False
1938,C00213,2,0,0,0.0,False
1938,C00214,1,0,0,0.0,False
1938,C00215,1,0,0,0.0,False
1938,C00216,1,0,0,0.0,False
1938,C00217,1,0,0,0.0,False
1938,C00218,1,0,0,0.0,False
1938,C00219,1,1,1,1.0,True
1938,C00220,1,0,0,0.0,False
1938,C00221,1,1,0,1.0,True
1938,C00222,1,0,0,0.0,False
1938,C00223,1,0,0,0.0,False
1938,C00224,1,0,0,0.0,False
1938,C00225,1,0,0,0.0,False
1938,C00226,2,0,0,0.0,False
1938,C00227,1,0,0,0.0,False
1938,C00228,1,1,1,1.0,True
1938,C00229,3,1,1,0.3333333333333333,True
1938,C00230,1,0,0,0.0,False
1938,C00231,1,0,0,0.0,False
1938,C00232,5,0,0,0.0,False
1938,C00233,1,0,0,0.0,False
1938,C00234,1,0,0,0.0,False
1938,C00235,3,2,2,0.6666666666666666,True
1938,C00236,1,1,1,1.0,True
1938,C00237,1,0,0,0.0,False
1938,C00238,2,0,0,0.0,False
1938,C00239,1,0,0,0.0,False
1938,C00240,1,1,0,1.0,True
1938,C00241,4,0,0,0.0,False
1938,C00242,3,0,0,0.0,False
1938,C00243,1,0,0,0.0,False
1938,C00244,1,0,0,0.0,False
1938,C00245,1,0,0,0.0,False
1938,C00246,1,0,0,0.0,False
1938,C00247,1,0,0,0.0,False
1938,C00248,4,0,0,0.0,False
1938,C00249,2,0,0,0.0,False
1938,C00250,1,0,0,0.0,False
1938,C00251,1,0,0,0.0,False
1938,C00252,1,0,0,0.0,False
1938,C00253,1,0,0,0.0,False
1938,C00254,1,0,0,0.0,False
1938,C00255,2,0,0,0.0,False
1938,C00256,2,0,0,0.0,False
1938,C00257,1,0,0,0.0,False
1938,C00258,1,0,0,0.0,False
1938,C00259,1,0,0,0.0,False
1938,C00260,1,0,0,0.0,False
1938,C00261,2,0,0,0.0,False
1938,C00262,1,0,0,0.0,False
1938,C00263,1,1,0,1.0,True
1938,C00264,1,0,0,0.0,False
1938,C00265,1,0,0,0.0,False
1938,C00266,1,0,0,0.0,False
1938,C00267,1,0,0,0.0,False
1938,C00268,1,0,0,0.0,False
1938,C00269,1,0,0,0.0,False
1938,C00270,2,0,0,0.0,False
1938,C00271,1,0,0,0.0,False
1938,C00272,1,0,0,0.0,False
1938,C00273,2,0,0,0.0,False
1938,C00274,1,1,1,1.0,True
1938,C00275,2,2,2,1.0,True
1938,C00276,1,0,0,0.0,False
1938,C00277,1,0,0,0.0,False
1938,C00278,1,0,0,0.0,False
1938,C00279,1,0,0,0.0,False
1938,C00280,2,0,0,0.0,False
1938,C00281,1,0,0,0.0,False
1938,C00282,5,0,0,0.0,False
1938,C00283,1,0,0,0.0,False
1938,C00284,1,0,0,0.0,False
1938,C00285,1,0,0,0.0,False
1938,C00286,1,0,0,0.0,False
1938,C00287,1,0,0,0.0,False
1938,C00288,1,0,0,0.0,False
1938,C00289,4,2,2,0.5,True
1938,C00290,4,0,0,0.0,False
1938,C00291,1,1,1,1.0,True
1938,C00292,1,0,0,0.0,False
1938,C00293,3,1,0,0.3333333333333333,True
1938,C00294,1,0,0,0.0,False
1938,C00295,2,0,0,0.0,False
1938,C00296,2,0,0,0.0,False
1938,C00297,4,1,1,0.25,True
1938,C00298,1,0,0,0.0,False
1938,C00299,1,0,0,0.0,False
1938,C00300,1,0,0,0.0,False
1938,C00301,1,0,0,0.0,False
1938,C00302,4,0,0,0.0,False
1938,C00303,3,0,0,0.0,False
1938,C00304,6,0,0,0.0,False
1938,C00305,1,0,0,0.0,False
1938,C00306,2,0,0,0.0,False
1938,C00307,1,0,0,0.0,False
1938,C00308,1,1,1,1.0,True
1938,C00309,2,0,0,0.0,False
1938,C00310,1,0,0,0.0,False
1938,C00311,2,0,0,0.0,False
1938,C00312,1,0,0,0.0,False
1938,C00313,1,0,0,0.0,False
1938,C00314,1,0,0,0.0,False
1938,C00315,2,1,1,0.5,True
1938,C00316,3,0,0,0.0,False
1938,C00317,5,1,1,0.2,True
1938,C00318,4,1,1,0.25,True
1938,C00319,1,0,0,0.0,False
1938,C00320,1,0,0,0.0,False
1938,C00321,1,0,0,0.0,False
1938,C00322,1,0,0,0.0,False
1938,C00323,1,0,0,0.0,False
1938,C00324,2,0,0,0.0,False
1938,C00325,2,0,0,0.0,False
1938,C00326,1,0,0,0.0,False
1938,C00327,1,0,0,0.0,False
1938,C00328,1,0,0,0.0,False
1938,C00329,1,0,0,0.0,False
1938,C00330,1,0,0,0.0,False
1938,C00331,1,0,0,0.0,False
1938,C00332,4,0,0,0.0,False
1938,C00333,1,0,0,0.0,False
1938,C00334,1,0,0,0.0,False
1938,C00335,1,0,0,0.0,False
1938,C00336,1,1,1,1.0,True
1938,C00337,1,0,0,0.0,False
1938,C00338,1,0,0,0.0,False
1938,C00339,1,0,0,0.0,False
1938,C00340,1,0,0,0.0,False
1938,C00341,4,0,0,0.0,False
1938,C00342,1,1,1,1.0,True
1938,C00343,1,0,0,0.0,False
1938,C00344,1,0,0,0.0,False
1938,C00345,5,2,2,0.4,True
1938,C00346,2,1,1,0.5,True
1938,C00347,1,0,0,0.0,False
1938,C00348,3,0,0,0.0,False
1938,C00349,1,0,0,0.0,False
1938,C00350,1,0,0,0.0,False
1938,C00351,1,0,0,0.0,False
1938,C00352,1,0,0,0.0,False
1938,C00353,2,0,0,0.0,False
1938,C00354,1,0,0,0.0,False
1938,C00355,6,5,5,0.8333333333333334,True
1938,C00356,1,0,0,0.0,False
1938,C00357,2,0,0,0.0,False
1938,C00358,1,0,0,0.0,False
1938,C00359,1,0,0,0.0,False
1938,C00360,1,0,0,0.0,False
1938,C00361,1,0,0,0.0,False
1938,C00362,3,1,1,0.3333333333333333,True
1938,C00363,1,0,0,0.0,False
1938,C00364,1,1,1,1.0,True
1938,C00365,1,0,0,0.0,False
1938,C00366,1,1,0,1.0,True
1938,C00367,1,0,0,0.0,False
1938,C00368,3,0,0,0.0,False
1938,C00369,1,0,0,0.0,False
1938,C00370,1,0,0,0.0,False
1938,C00371,1,0,0,0.0,False
1938,C00372,3,0,0,0.0,False
1938,C00373,1,0,0,0.0,False
1938,C00374,2,0,0,0.0,False
1938,C00375,1,0,0,0.0,False
1938,C00376,1,0,0,0.0,False
1938,C00377,1,0,0,0.0,False
1938,C00378,2,0,0,0.0,False
1938,C00379,2,0,0,0.0,False
1938,C00380,2,0,0,0.0,False
1938,C00381,1,0,0,0.0,False
1938,C00382,1,0,0,0.0,False
1938,C00383,3,0,0,0.0,False
1938,C00384,1,0,0,0.0,False
1938,C00385,3,0,0,0.0,False
1938,C00386,1,1,1,1.0,True
1938,C00387,2,0,0,0.0,False
1938,C00388,1,0,0,0.0,False
1938,C00389,3,0,0,0.0,False
1938,C00390,1,0,0,0.0,False
1938,C00391,1,0,0,0.0,False
1938,C00392,1,1,1,1.0,True
1938,C00393,3,0,0,0.0,False
1938,C00394,1,0,0,0.0,False
1938,C00395,1,0,0,0.0,False
1938,C00396,2,0,0,0.0,False
1938,C00397,1,0,0,0.0,False
1938,C00398,1,0,0,0.0,False
1938,C00399,1,0,0,0.0,False
1938,C00400,4,0,0,0.0,False
1938,C00401,1,0,0,0.0,False
1938,C00402,1,0,0,0.0,False
1938,C00403,1,0,0,0.0,False
1938,C00404,1,0,0,0.0,False
1938,C00405,3,0,0,0.0,False
1938,C00406,1,0,0,0.0,False
1938,C00407,1,0,0,0.0,False
1938,C00408,1,0,0,0.0,False
1938,C00409,1,0,0,0.0,False
1938,C00410,1,0,0,0.0,False
1938,C00411,1,0,0,0.0,False
1938,C00412,1,0,0,0.0,False
1938,C00413,1,0,0,0.0,False
1938,C00414,1,0,0,0.0,False
1938,C00415,1,1,1,1.0,True
1938,C00416,1,0,0,0.0,False
1938,C00417,3,1,1,0.3333333333333333,True
1938,C00418,1,0,0,0.0,False
1938,C00419,1,0,0,0.0,False
1938,C00420,1,0,0,0.0,False
1938,C00421,1,0,0,0.0,False
1938,C00422,2,1,1,0.5,True
1938,C00423,6,1,1,0.16666666666666666,True
1938,C00424,1,0,0,0.0,False
1938,C00425,2,0,0,0.0,False
1938,C00426,1,0,0,0.0,False
1938,C00427,4,0,0,0.0,False
1938,C00428,2,0,0,0.0,False
1938,C00429,4,0,0,0.0,False
1938,C00430,1,1,1,1.0,True
1938,C00431,3,0,0,0.0,False
1938,C00432,1,0,0,0.0,False
1938,C00433,1,0,0,0.0,False
1938,C00434,3,0,0,0.0,False
1938,C00435,3,1,1,0.3333333333333333,True
1938,C00436,1,0,0,0.0,False
1938,C00437,1,0,0,0.0,False
1938,C00438,1,0,0,0.0,False
1938,C00439,1,0,0,0.0,False
1938,C00440,1,0,0,0.0,False
1938,C00441,1,0,0,0.0,False
1938,C00442,5,2,2,0.4,True
1938,C00443,1,0,0,0.0,False
1938,C00444,1,0,0,0.0,False
1938,C00445,4,0,0,0.0,False
1938,C00446,1,0,0,0.0,False
1938,C00447,1,0,0,0.0,False
1938,C00448,5,2,1,0.4,True
1938,C00449,1,0,0,0.0,False
1938,C00450,4,1,1,0.25,True
1938,C00451,1,1,1,1.0,True
1938,C00452,1,0,0,0.0,False
1938,C00453,1,0,0,0.0,False
1938,C00454,2,0,0,0.0,False
1938,C00455,1,0,0,0.0,False
1938,C00456,4,0,0,0.0,False
1938,C00457,1,0,0,0.0,False
1938,C00458,2,0,0,0.0,False
1938,C00459,4,0,0,0.0,False
1938,C00460,1,0,0,0.0,False
1938,C00461,4,0,0,0.0,False
1938,C00462,1,0,0,0.0,False
1938,C00463,1,0,0,0.0,False
1938,C00464,1,0,0,0.0,False
1938,C00465,1,0,0,0.0,False
1938,C00466,1,0,0,0.0,False
1938,C00467,1,0,0,0.0,False
1938,C00468,2,0,0,0.0,False
1938,C00469,1,0,0,0.0,False
1938,C00470,1,0,0,0.0,False
1938,C00471,1,0,0,0.0,False
1938,C00472,4,0,0,0.0,False
1938,C00473,3,0,0,0.0,False
1938,C00474,1,0,0,0.0,False
1938,C00475,1,0,0,0.0,False
1938,C00476,3,0,0,0.0,False
1938,C00477,2,0,0,0.0,False
1938,C00478,3,0,0,0.0,False
1938,C00479,1,0,0,0.0,False
1938,C00480,1,1,1,1.0,True
1938,C00481,1,0,0,0.0,False
1938,C00482,6,0,0,0.0,False
1938,C00483,2,0,0,0.0,False
1938,C00484,1,0,0,0.0,False
1938,C00485,2,0,0,0.0,False
1938,C00486,1,0,0,0.0,False
1938,C00487,1,1,1,1.0,True
1938,C00488,1,0,0,0.0,False
1938,C00489,1,0,0,0.0,False
1938,C00490,1,0,0,0.0,False
1938,C00491,1,0,0,0.0,False
1938,C00492,2,0,0,0.0,False
1938,C00493,1,0,0,0.0,False
1938,C00494,5,0,0,0.0,False
1938,C00495,1,0,0,0.0,False
1938,C00496,1,0,0,0.0,False
1938,C00497,1,0,0,0.0,False
1938,C00498,1,0,0,0.0,False
1938,C00499,1,0,0,0.0,False
1938,C00500,2,2,2,1.0,True
1938,C00501,1,0,0,0.0,False
1938,C00502,1,0,0,0.0,False
1938,C00503,1,1,1,1.0,True
1938,C00504,1,0,0,0.0,False
1938,C00505,1,0,0,0.0,False
1938,C00506,1,0,0,0.0,False
1938,C00507,6,0,0,0.0,False
1938,C00508,1,0,0,0.0,False
1938,C00509,1,0,0,0.0,False
1938,C00510,1,0,0,0.0,False
1938,C00511,1,0,0,0.0,False
1938,C00512,1,0,0,0.0,False
1938,C00513,1,0,0,0.0,False
1938,C00514,1,0,0,0.0,False
1938,C00515,1,0,0,0.0,False
1938,C00516,1,0,0,0.0,False
1938,C00517,1,0,0,0.0,False
1938,C00518,1,0,0,0.0,False
1938,C00519,1,0,0,0.0,False
1938,C00520,3,0,0,0.0,False
1938,C00521,1,0,0,0.0,False
1938,C00522,1,0,0,0.0,False
1938,C00523,2,0,0,0.0,False
1938,C00524,5,0,0,0.0,False
1938,C00525,1,0,0,0.0,False
1938,C00526,1,1,1,1.0,True
1938,C00527,1,0,0,0.0,False
1938,C00528,1,0,0,0.0,False
1938,C00529,3,0,0,0.0,False
1938,C00530,1,0,0,0.0,False
1938,C00531,1,0,0,0.0,False
1938,C00532,1,0,0,0.0,False
1938,C00533,1,0,0,0.0,False
1938,C00534,1,0,0,0.0,False
1938,C00535,1,0,0,0.0,False
1938,C00536,1,0,0,0.0,False
1938,C00537,1,0,0,0.0,False
1938,C00538,1,0,0,0.0,False
1938,C00539,1,0,0,0.0,False
1938,C00540,1,0,0,0.0,False
1938,C00541,1,0,0,0.0,False
1938,C00542,1,0,0,0.0,False
1938,C00543,4,0,0,0.0,False
1938,C00544,1,0,0,0.0,False
1938,C00545,1,0,0,0.0,False
1938,C00546,2,0,0,0.0,False
1938,C00547,4,0,0,0.0,False
1938,C00548,1,0,0,0.0,False
1938,C00549,1,0,0,0.0,False
1938,C00550,1,0,0,0.0,False
1938,C00551,1,0,0,0.0,False
1938,C00552,5,0,0,0.0,False
1938,C00553,1,0,0,0.0,False
1938,C00554,1,0,0,0.0,False
1938,C00555,1,0,0,0.0,False
1938,C00556,1,0,0,0.0,False
1938,C00557,1,0,0,0.0,False
1938,C00558,1,0,0,0.0,False
1938,C00559,3,1,1,0.3333333333333333,True
1938,C00560,1,0,0,0.0,False
1938,C00561,1,0,0,0.0,False
1938,C00562,1,0,0,0.0,False
1938,C00563,1,0,0,0.0,False
1938,C00564,1,0,0,0.0,False
1938,C00565,1,0,0,0.0,False
1938,C00566,1,0,0,0.0,False
1938,C00567,1,0,0,0.0,False
1938,C00568,1,0,0,0.0,False
1938,C00569,1,1,1,1.0,True
1938,C00570,1,1,1,1.0,True
1938,C00571,1,1,1,1.0,True
1938,C00572,8,0,0,0.0,False
1938,C00573,1,0,0,0.0,False
1938,C00574,1,0,0,0.0,False
1938,C00575,2,0,0,0.0,False
1938,C00576,1,0,0,0.0,False
1938,C00577,1,0,0,0.0,False
1938,C00578,1,1,1,1.0,True
1938,C00579,1,0,0,0.0,False
1938,C00580,1,1,1,1.0,True
1938,C00581,1,0,0,0.0,False
1938,C00582,6,0,0,0.0,False
1938,C00583,1,0,0,0.0,False
1938,C00584,1,0,0,0.0,False
1938,C00585,1,0,0,0.0,False
1938,C00586,1,0,0,0.0,False
1938,C00587,1,0,0,0.0,False
1938,C00588,1,0,0,0.0,False
1938,C00589,1,0,0,0.0,False
1938,C00590,1,0,0,0.0,False
1938,C00591,1,0,0,0.0,False
1938,C00592,1,0,0,0.0,False
1938,C00593,1,0,0,0.0,False
1938,C00594,1,1,0,1.0,True
1938,C00595,1,0,0,0.0,False
1938,C00596,1,0,0,0.0,False
1938,C00597,1,0,0,0.0,False
1938,C00598,1,0,0,0.0,False
1938,C00599,1,0,0,0.0,False
1938,C00600,1,0,0,0.0,False
1938,C00601,1,0,0,0.0,False
1938,C00602,1,0,0,0.0,False
1938,C00603,1,0,0,0.0,False
1938,C00604,1,0,0,0.0,False
1938,C00605,1,0,0,0.0,False
1938,C00606,1,0,0,0.0,False
1938,C00607,1,0,0,0.0,False
1938,C00608,1,0,0,0.0,False
1938,C00609,1,0,0,0.0,False
1938,C00610,1,0,0,0.0,False
1938,C00611,1,0,0,0.0,False
1938,C00612,1,0,0,0.0,False
1938,C00613,1,0,0,0.0,False
1938,C00614,1,0,0,0.0,False
1938,C00615,1,0,0,0.0,False
1938,C00616,1,1,1,1.0,True
1938,C00617,1,0,0,0.0,False
1938,C00618,1,0,0,0.0,False
1938,C00619,1,0,0,0.0,False
1938,C00620,1,0,0,0.0,False
1938,C00621,1,0,0,0.0,False
1938,C00622,1,0,0,0.0,False
1938,C00623,1,0,0,0.0,False
1938,C00624,1,1,1,1.0,True
1938,C00625,1,0,0,0.0,False
1938,C00626,1,0,0,0.0,False
1938,C00627,1,0,0,0.0,False
1938,C00628,1,0,0,0.0,False
1938,C00629,1,0,0,0.0,False
1938,C00630,1,0,0,0.0,False
1938,C00631,1,0,0,0.0,False
1938,C00632,1,0,0,0.0,False
1938,C00633,1,0,0,0.0,False
1938,C00634,1,0,0,0.0,False
1938,C00635,1,0,0,0.0,False
1938,C00636,1,0,0,0.0,False
1938,C00637,1,0,0,0.0,False
1938,C00638,1,0,0,0.0,False
1938,C00639,1,0,0,0.0,False
1938,C00640,1,0,0,0.0,False
1938,C00641,1,0,0,0.0,False
1938,C00642,1,0,0,0.0,False
1938,C00643,1,0,0,0.0,False
1938,C00644,1,0,0,0.0,False
1938,C00645,1,0,0,0.0,False
1938,C00646,1,0,0,0.0,False
1938,C00647,1,1,1,1.0,True
1938,C00648,1,0,0,0.0,False
1938,C00649,1,0,0,0.0,False
1938,C00650,1,0,0,0.0,False
1938,C00651,1,0,0,0.0,False
1938,C00652,1,0,0,0.0,False
1938,C00653,1,0,0,0.0,False
1938,C00654,1,0,0,0.0,False
1938,C00655,1,0,0,0.0,False
1938,C00656,1,0,0,0.0,False
1938,C00657,1,0,0,0.0,False
1938,C00658,1,0,0,0.0,False
1938,C00659,1,0,0,0.0,False
1938,C00660,1,0,0,0.0,False
1938,C00661,1,0,0,0.0,False
1938,C00662,1,0,0,0.0,False
1942,C00001,11,1,1,0.09090909090909091,True
1942,C00004,1,0,0,0.0,False
1942,C00005,4,0,0,0.0,False
1942,C00006,1,0,0,0.0,False
1942,C00007,5,2,2,0.4,True
1942,C00008,12,1,1,0.08333333333333333,True
1942,C00009,5,1,1,0.2,True
1942,C00010,3,0,0,0.0,False
1942,C00012,4,1,1,0.25,True
1942,C00013,2,0,0,0.0,False
1942,C00014,6,1,1,0.16666666666666666,True
1942,C00015,2,0,0,0.0,False
1942,C00018,7,1,1,0.14285714285714285,True
1942,C00020,4,4,4,1.0,True
1942,C00023,1,1,1,1.0,True
1942,C00024,1,0,0,0.0,False
1942,C00025,3,0,0,0.0,False
1942,C00026,2,0,0,0.0,False
1942,C00027,1,0,0,0.0,False
1942,C00029,2,0,0,0.0,False
1942,C00030,3,0,0,0.0,False
1942,C00031,3,0,0,0.0,False
1942,C00032,1,0,0,0.0,False
1942,C00037,1,0,0,0.0,False
1942,C00042,2,0,0,0.0,False
1942,C00043,3,1,1,0.3333333333333333,True
1942,C00046,2,0,0,0.0,False
1942,C00047,2,0,0,0.0,False
1942,C00048,3,1,0,0.3333333333333333,True
1942,C00052,5,2,0,0.4,True
1942,C00054,1,0,0,0.0,False
1942,C00055,5,0,0,0.0,False
1942,C00056,6,1,1,0.16666666666666666,True
1942,C00058,5,0,0,0.0,False
1942,C00059,2,0,0,0.0,False
1942,C00060,2,0,0,0.0,False
1942,C00061,1,1,1,1.0,True
1942,C00062,1,0,0,0.0,False
1942,C00063,1,0,0,0.0,False
1942,C00065,2,1,1,0.5,True
1942,C00067,1,0,0,0.0,False
1942,C00068,1,1,1,1.0,True
1942,C00069,2,1,1,0.5,True
1942,C00070,7,2,1,0.2857142857142857,True
1942,C00071,1,0,0,0.0,False
1942,C00072,6,2,2,0.3333333333333333,True
1942,C00073,7,1,1,0.14285714285714285,True
1942,C00075,4,1,1,0.25,True
1942,C00076,7,0,0,0.0,False
1942,C00077,1,1,1,1.0,True
1942,C00078,7,1,1,0.14285714285714285,True
1942,C00080,1,1,1,1.0,True
1942,C00081,2,0,0,0.0,False
1942,C00082,5,1,1,0.2,True
1942,C00083,1,0,0,0.0,False
1942,C00084,6,1,1,0.16666666666666666,True
1942,C00088,2,0,0,0.0,False
1942,C00091,4,2,1,0.5,True
1942,C00092,5,1,1,0.2,True
1942,C00093,4,0,0,0.0,False
1942,C00094,2,0,0,0.0,False
1942,C00097,2,0,0,0.0,False
1942,C00099,1,1,1,1.0,True
1942,C00101,3,0,0,0.0,False
1942,C00102,1,0,0,0.0,False
1942,C00103,8,1,1,0.125,True
1942,C00105,2,0,0,0.0,False
1942,C00106,4,0,0,0.0,False
1942,C00108,3,1,1,0.3333333333333333,True
1942,C00109,8,4,4,0.5,True
1942,C00112,1,0,0,0.0,False
1942,C00114,3,0,0,0.0,False
1942,C00115,2,0,0,0.0,False
1942,C00116,1,0,0,0.0,False
1942,C00117,5,0,0,0.0,False
1942,C00118,2,0,0,0.0,False
1942,C00120,2,0,0,0.0,False
1942,C00121,3,0,0,0.0,False
1942,C00122,1,0,0,0.0,False
1942,C00123,2,0,0,0.0,False
1942,C00125,2,0,0,0.0,False
1942,C00126,1,0,0,0.0,False
1942,C00127,3,0,0,0.0,False
1942,C00128,9,0,0,0.0,False
1942,C00129,3,1,1,0.3333333333333333,True
1942,C00130,4,0,0,0.0,False
1942,C00131,7,0,0,0.0,False
1942,C00134,1,0,0,0.0,False
1942,C00135,1,0,0,0.0,False
1942,C00140,1,0,0,0.0,False
1942,C00142,1,1,0,1.0,True
1942,C00143,2,0,0,0.0,False
1942,C00145,1,0,0,0.0,False
1942,C00147,4,0,0,0.0,False
1942,C00148,1,0,0,0.0,False
1942,C00150,1,1,1,1.0,True
1942,C00151,1,0,0,0.0,False
1942,C00153,1,0,0,0.0,False
1942,C00157,1,0,0,0.0,False
1942,C00158,2,1,0,0.5,True
1942,C00159,1,0,0,0.0,False
1942,C00162,3,0,0,0.0,False
1942,C00164,8,1,1,0.125,True
1942,C00165,1,0,0,0.0,False
1942,C00166,1,0,0,0.0,False
1942,C00167,2,0,0,0.0,False
1942,C00171,4,2,2,0.5,True
1942,C00173,1,0,0,0.0,False
1942,C00174,1,0,0,0.0,False
1942,C00175,5,0,0,0.0,False
1942,C00177,1,0,0,0.0,False
1942,C00178,4,0,0,0.0,False
1942,C00179,1,0,0,0.0,False
1942,C00182,2,0,0,0.0,False
1942,C00184,1,0,0,0.0,False
1942,C00190,2,0,0,0.0,False
1942,C00191,1,0,0,0.0,False
1942,C00192,3,0,0,0.0,False
1942,C00196,3,0,0,0.0,False
1942,C00200,10,0,0,0.0,False
1942,C00202,1,1,1,1.0,True
1942,C00203,1,0,0,0.0,False
1942,C00206,1,0,0,0.0,False
1942,C00210,4,2,2,0.5,True
1942,C00220,1,0,0,0.0,False
1942,C00229,3,1,1,0.3333333333333333,True
1942,C00232,6,0,0,0.0,False
1942,C00233,1,0,0,0.0,False
1942,C00235,1,0,0,0.0,False
1942,C00238,1,0,0,0.0,False
1942,C00239,4,1,1,0.25,True
1942,C00240,1,1,0,1.0,True
1942,C00241,2,0,0,0.0,False
1942,C00242,3,0,0,0.0,False
1942,C00245,1,0,0,0.0,False
1942,C00247,3,0,0,0.0,False
1942,C00248,2,0,0,0.0,False
1942,C00249,1,0,0,0.0,False
1942,C00252,1,0,0,0.0,False
1942,C00258,1,0,0,0.0,False
1942,C00259,2,0,0,0.0,False
1942,C00261,3,0,0,0.0,False
1942,C00263,1,1,0,1.0,True
1942,C00266,1,0,0,0.0,False
1942,C00268,1,0,0,0.0,False
1942,C00273,1,0,0,0.0,False
1942,C00275,1,1,1,1.0,True
1942,C00276,1,0,0,0.0,False
1942,C00280,3,1,0,0.3333333333333333,True
1942,C00282,4,0,0,0.0,False
1942,C00289,6,1,1,0.16666666666666666,True
1942,C00290,8,0,0,0.0,False
1942,C00291,9,2,2,0.2222222222222222,True
1942,C00293,3,1,1,0.3333333333333333,True
1942,C00295,2,0,0,0.0,False
1942,C00296,2,0,0,0.0,False
1942,C00297,1,0,0,0.0,False
1942,C00302,4,0,0,0.0,False
1942,C00303,3,0,0,0.0,False
1942,C00304,6,0,0,0.0,False
1942,C00310,1,0,0,0.0,False
1942,C00315,2,1,1,0.5,True
1942,C00317,6,1,1,0.16666666666666666,True
1942,C00318,5,1,1,0.2,True
1942,C00319,2,0,0,0.0,False
1942,C00323,1,0,0,0.0,False
1942,C00324,3,0,0,0.0,False
1942,C00325,3,2,2,0.6666666666666666,True
1942,C00326,2,0,0,0.0,False
1942,C00329,1,0,0,0.0,False
1942,C00332,3,0,0,0.0,False
1942,C00333,1,0,0,0.0,False
1942,C00335,1,0,0,0.0,False
1942,C00339,1,0,0,0.0,False
1942,C00340,4,1,1,0.25,True
1942,C00341,1,0,0,0.0,False
1942,C00343,1,0,0,0.0,False
1942,C00345,1,0,0,0.0,False
1942,C00346,3,0,0,0.0,False
1942,C00348,5,0,0,0.0,False
1942,C00352,1,0,0,0.0,False
1942,C00353,2,0,0,0.0,False
1942,C00355,4,3,3,0.75,True
1942,C00357,3,0,0,0.0,False
1942,C00359,1,0,0,0.0,False
1942,C00362,4,2,2,0.5,True
1942,C00363,2,0,0,0.0,False
1942,C00368,3,0,0,0.0,False
1942,C00372,1,0,0,0.0,False
1942,C00374,2,0,0,0.0,False
1942,C00375,4,1,1,0.25,True
1942,C00378,3,0,0,0.0,False
1942,C00380,1,0,0,0.0,False
1942,C00383,5,0,0,0.0,False
1942,C00389,4,0,0,0.0,False
1942,C00393,3,0,0,0.0,False
1942,C00396,2,0,0,0.0,False
1942,C00406,1,0,0,0.0,False
1942,C00415,1,0,0,0.0,False
1942,C00419,6,0,0,0.0,False
1942,C00420,2,0,0,0.0,False
1942,C00422,1,0,0,0.0,False
1942,C00423,2,0,0,0.0,False
1942,C00425,1,0,0,0.0,False
1942,C00427,2,0,0,0.0,False
1942,C00429,2,0,0,0.0,False
1942,C00431,5,0,0,0.0,False
1942,C00432,5,0,0,0.0,False
1942,C00435,1,0,0,0.0,False
1942,C00436,1,0,0,0.0,False
1942,C00437,1,0,0,0.0,False
1942,C00440,1,0,0,0.0,False
1942,C00442,1,0,0,0.0,False
1942,C00445,3,0,0,0.0,False
1942,C00450,1,0,0,0.0,False
1942,C00454,1,0,0,0.0,False
1942,C00455,1,1,1,1.0,True
1942,C00458,1,1,1,1.0,True
1942,C00459,1,1,0,1.0,True
1942,C00461,2,0,0,0.0,False
1942,C00463,2,0,0,0.0,False
1942,C00465,3,0,0,0.0,False
1942,C00469,1,0,0,0.0,False
1942,C00472,2,0,0,0.0,False
1942,C00473,3,1,1,0.3333333333333333,True
1942,C00476,4,0,0,0.0,False
1942,C00477,4,0,0,0.0,False
1942,C00478,3,0,0,0.0,False
1942,C00479,3,1,1,0.3333333333333333,True
1942,C00482,9,0,0,0.0,False
1942,C00483,1,0,0,0.0,False
1942,C00485,2,0,0,0.0,False
1942,C00487,1,1,1,1.0,True
1942,C00488,1,0,0,0.0,False
1942,C00492,1,0,0,0.0,False
1942,C00494,2,0,0,0.0,False
1942,C00495,1,0,0,0.0,False
1942,C00496,2,0,0,0.0,False
1942,C00497,1,0,0,0.0,False
1942,C00500,2,2,2,1.0,True
1942,C00507,4,0,0,0.0,False
1942,C00508,1,0,0,0.0,False
1942,C00512,3,0,0,0.0,False
1942,C00516,2,2,2,1.0,True
1942,C00517,1,0,0,0.0,False
1942,C00520,5,0,0,0.0,False
1942,C00524,8,3,3,0.375,True
1942,C00525,1,0,0,0.0,False
1942,C00527,1,0,0,0.0,False
1942,C00529,4,0,0,0.0,False
1942,C00530,4,0,0,0.0,False
1942,C00531,2,0,0,0.0,False
1942,C00535,2,1,1,0.5,True
1942,C00536,3,1,1,0.3333333333333333,True
1942,C00543,3,0,0,0.0,False
1942,C00544,1,0,0,0.0,False
1942,C00545,1,0,0,0.0,False
1942,C00546,2,0,0,0.0,False
1942,C00548,1,0,0,0.0,False
1942,C00552,3,0,0,0.0,False
1942,C00558,1,1,1,1.0,True
1942,C00559,2,1,1,0.5,True
1942,C00572,3,0,0,0.0,False
1942,C00575,2,0,0,0.0,False
1942,C00579,2,0,0,0.0,False
1942,C00580,2,1,1,0.5,True
1942,C00582,9,1,1,0.1111111111111111,True
1942,C00584,4,1,1,0.25,True
1942,C00585,1,0,0,0.0,False
1942,C00590,1,0,0,0.0,False
1942,C00603,1,0,0,0.0,False
1942,C00614,1,0,0,0.0,False
1942,C00615,1,0,0,0.0,False
1942,C00622,1,0,0,0.0,False
1942,C00626,1,0,0,0.0,False
1942,C00645,1,0,0,0.0,False
1942,C00648,4,0,0,0.0,False
1942,C00661,1,0,0,0.0,False
1942,C00662,1,0,0,0.0,False
1942,C00663,1,0,0,0.0,False
1942,C00664,1,1,1,1.0,True
1942,C00665,1,0,0,0.0,False
1942,C00666,1,0,0,0.0,False
1942,C00667,1,0,0,0.0,False
1942,C00668,1,0,0,0.0,False
1942,C00669,1,1,1,1.0,True
1942,C00670,1,0,0,0.0,False
1942,C00671,4,0,0,0.0,False
1942,C00672,1,0,0,0.0,False
1942,C00673,1,1,1,1.0,True
1942,C00674,1,0,0,0.0,False
1942,C00675,1,0,0,0.0,False
1942,C00676,1,0,0,0.0,False
1942,C00677,1,0,0,0.0,False
1942,C00678,1,0,0,0.0,False
1942,C00679,1,0,0,0.0,False
1942,C00680,1,0,0,0.0,False
1942,C00681,1,0,0,0.0,False
1942,C00682,1,0,0,0.0,False
1942,C00683,1,0,0,0.0,False
1942,C00684,1,0,0,0.0,False
1942,C00685,1,0,0,0.0,False
1942,C00686,1,0,0,0.0,False
1942,C00687,1,0,0,0.0,False
1942,C00688,1,0,0,0.0,False
1942,C00689,1,1,1,1.0,True
1942,C00690,1,0,0,0.0,False
1942,C00691,1,0,0,0.0,False
1942,C00692,1,0,0,0.0,False
1942,C00693,1,0,0,0.0,False
1942,C00694,1,0,0,0.0,False
1942,C00695,1,0,0,0.0,False
1942,C00696,1,0,0,0.0,False
1942,C00697,1,0,0,0.0,False
1942,C00698,1,0,0,0.0,False
1942,C00699,1,1,1,1.0,True
1942,C00700,1,0,0,0.0,False
1942,C00701,1,0,0,0.0,False
1942,C00702,1,0,0,0.0,False
1942,C00703,1,0,0,0.0,False
1942,C00704,2,1,1,0.5,True
1942,C00705,1,0,0,0.0,False
1942,C00706,1,0,0,0.0,False
1942,C00707,1,0,0,0.0,False
1942,C00708,1,0,0,0.0,False
1942,C00709,2,0,0,0.0,False
1942,C00710,1,1,1,1.0,True
1942,C00711,1,1,1,1.0,True
1942,C00712,1,0,0,0.0,False
1942,C00713,1,0,0,0.0,False
1942,C00714,1,0,0,0.0,False
1942,C00715,1,0,0,0.0,False
1942,C00716,1,1,1,1.0,True
1942,C00717,1,0,0,0.0,False
1942,C00718,1,1,1,1.0,True
1942,C00719,1,0,0,0.0,False
1942,C00720,1,0,0,0.0,False
1942,C00721,1,0,0,0.0,False
1942,C00722,1,0,0,0.0,False
1942,C00723,1,0,0,0.0,False
1942,C00724,2,0,0,0.0,False
1942,C00725,1,0,0,0.0,False
1942,C00726,1,0,0,0.0,False
1942,C00727,1,0,0,0.0,False
1942,C00728,1,0,0,0.0,False
1942,C00729,1,0,0,0.0,False
1942,C00730,1,0,0,0.0,False
1942,C00731,1,0,0,0.0,False
1942,C00732,1,0,0,0.0,False
1942,C00733,1,0,0,0.0,False
1942,C00734,1,0,0,0.0,False
1942,C00735,1,0,0,0.0,False
1942,C00736,3,1,1,0.3333333333333333,True
1942,C00737,5,0,0,0.0,False
1942,C00738,1,0,0,0.0,False
1942,C00739,6,0,0,0.0,False
1942,C00740,1,0,0,0.0,False
1942,C00741,1,0,0,0.0,False
1942,C00742,9,2,2,0.2222222222222222,True
1942,C00743,1,0,0,0.0,False
1942,C00744,1,0,0,0.0,False
1942,C00745,1,0,0,0.0,False
1942,C00746,2,0,0,0.0,False
1942,C00747,1,0,0,0.0,False
1942,C00748,1,1,1,1.0,True
1942,C00749,1,0,0,0.0,False
1942,C00750,1,0,0,0.0,False
1942,C00751,2,0,0,0.0,False
1942,C00752,6,0,0,0.0,False
1942,C00753,1,0,0,0.0,False
1942,C00754,1,0,0,0.0,False
1942,C00755,2,0,0,0.0,False
1942,C00756,1,0,0,0.0,False
1942,C00757,3,0,0,0.0,False
1942,C00758,1,0,0,0.0,False
1942,C00759,1,0,0,0.0,False
1942,C00760,1,1,0,1.0,True
1942,C00761,1,0,0,0.0,False
1942,C00762,1,0,0,0.0,False
1942,C00763,1,1,1,1.0,True
1942,C00764,3,0,0,0.0,False
1942,C00765,1,0,0,0.0,False
1942,C00766,1,1,1,1.0,True
1942,C00767,1,0,0,0.0,False
1942,C00768,1,0,0,0.0,False
1942,C00769,3,1,1,0.3333333333333333,True
1942,C00770,1,0,0,0.0,False
1942,C00771,1,0,0,0.0,False
1942,C00772,1,0,0,0.0,False
1942,C00773,1,1,1,1.0,True
1942,C00774,4,0,0,0.0,False
1942,C00775,1,0,0,0.0,False
1942,C00776,1,0,0,0.0,False
1942,C00777,1,0,0,0.0,False
1942,C00778,1,0,0,0.0,False
1942,C00779,1,0,0,0.0,False
1942,C00780,1,0,0,0.0,False
1942,C00781,1,1,1,1.0,True
1942,C00782,1,0,0,0.0,False
1942,C00783,1,0,0,0.0,False
1942,C00784,1,0,0,0.0,False
1942,C00785,1,1,1,1.0,True
1942,C00786,1,1,1,1.0,True
1942,C00787,1,0,0,0.0,False
1942,C00788,1,1,1,1.0,True
1942,C00789,1,1,1,1.0,True
1942,C00790,1,1,1,1.0,True
1942,C00791,1,0,0,0.0,False
1942,C00792,1,0,0,0.0,False
1942,C00793,1,1,1,1.0,True
1942,C00794,1,1,0,1.0,True
1942,C00795,5,0,0,0.0,False
1942,C00796,1,0,0,0.0,False
1942,C00797,1,0,0,0.0,False
1942,C00798,1,1,1,1.0,True
1942,C00799,1,1,1,1.0,True
1942,C00800,1,1,1,1.0,True
1942,C00801,1,0,0,0.0,False
1942,C00802,1,0,0,0.0,False
1942,C00803,1,0,0,0.0,False
1942,C00804,4,0,0,0.0,False
1942,C00805,1,0,0,0.0,False
1942,C00806,1,0,0,0.0,False
1942,C00807,1,0,0,0.0,False
1942,C00808,1,0,0,0.0,False
1942,C00809,1,0,0,0.0,False
1942,C00810,3,0,0,0.0,False
1942,C00811,1,1,1,1.0,True
1942,C00812,1,0,0,0.0,False
1942,C00813,2,0,0,0.0,False
1942,C00814,1,0,0,0.0,False
1942,C00815,1,0,0,0.0,False
1942,C00816,1,0,0,0.0,False
1942,C00817,1,1,1,1.0,True
1942,C00818,1,0,0,0.0,False
1942,C00819,1,1,1,1.0,True
1942,C00820,1,0,0,0.0,False
1942,C00821,1,1,1,1.0,True
1942,C00822,1,0,0,0.0,False
1942,C00823,1,0,0,0.0,False
1942,C00824,5,0,0,0.0,False
1942,C00825,2,0,0,0.0,False
1942,C00826,1,0,0,0.0,False
1942,C00827,1,0,0,0.0,False
1942,C00828,1,0,0,0.0,False
1942,C00829,1,1,1,1.0,True
1942,C00830,1,0,0,0.0,False
1942,C00831,1,0,0,0.0,False
1942,C00832,2,0,0,0.0,False
1942,C00833,2,0,0,0.0,False
1942,C00834,1,0,0,0.0,False
1942,C00835,1,0,0,0.0,False
1942,C00836,1,0,0,0.0,False
1942,C00837,2,1,1,0.5,True
1942,C00838,2,1,1,0.5,True
1942,C00839,3,0,0,0.0,False
1942,C00840,2,0,0,0.0,False
1942,C00841,1,0,0,0.0,False
1942,C00842,1,0,0,0.0,False
1942,C00843,1,0,0,0.0,False
1942,C00844,1,1,1,1.0,True
1942,C00845,5,1,1,0.2,True
1942,C00846,1,0,0,0.0,False
1942,C00847,1,0,0,0.0,False
1942,C00848,1,0,0,0.0,False
1942,C00849,1,0,0,0.0,False
1942,C00850,4,0,0,0.0,False
1942,C00851,4,1,1,0.25,True
1942,C00852,1,1,1,1.0,True
1942,C00853,1,0,0,0.0,False
1942,C00854,1,0,0,0.0,False
1942,C00855,1,0,0,0.0,False
1942,C00856,1,0,0,0.0,False
1942,C00857,4,1,1,0.25,True
1942,C00858,3,0,0,0.0,False
1942,C00859,1,0,0,0.0,False
1942,C00860,1,0,0,0.0,False
1942,C00861,1,0,0,0.0,False
1942,C00862,1,0,0,0.0,False
1942,C00863,3,0,0,0.0,False
1942,C00864,1,1,1,1.0,True
1942,C00865,3,0,0,0.0,False
1942,C00866,1,1,1,1.0,True
1942,C00867,1,0,0,0.0,False
1942,C00868,7,0,0,0.0,False
1942,C00869,3,1,1,0.3333333333333333,True
1942,C00870,2,0,0,0.0,False
1942,C00871,1,0,0,0.0,False
1942,C00872,1,0,0,0.0,False
1942,C00873,1,1,1,1.0,True
1942,C00874,2,0,0,0.0,False
1942,C00875,1,0,0,0.0,False
1942,C00876,1,0,0,0.0,False
1942,C00877,1,1,1,1.0,True
1942,C00878,1,0,0,0.0,False
1942,C00879,1,1,1,1.0,True
1942,C00880,1,1,0,1.0,True
1942,C00881,1,0,0,0.0,False
1942,C00882,1,1,1,1.0,True
1942,C00883,1,0,0,0.0,False
1942,C00884,1,1,1,1.0,True
1942,C00885,3,1,1,0.3333333333333333,True
1942,C00886,1,0,0,0.0,False
1942,C00887,1,0,0,0.0,False
1942,C00888,3,1,1,0.3333333333333333,True
1942,C00889,1,0,0,0.0,False
1942,C00890,1,0,0,0.0,False
1942,C00891,1,0,0,0.0,False
1942,C00892,2,0,0,0.0,False
1942,C00893,1,0,0,0.0,False
1942,C00894,1,0,0,0.0,False
1942,C00895,1,1,1,1.0,True
1942,C00896,1,0,0,0.0,False
1942,C00897,2,0,0,0.0,False
1942,C00898,1,1,1,1.0,True
1942,C00899,1,0,0,0.0,False
1942,C00900,1,0,0,0.0,False
1942,C00901,1,0,0,0.0,False
1942,C00902,1,0,0,0.0,False
1942,C00903,1,0,0,0.0,False
1942,C00904,1,0,0,0.0,False
1942,C00905,1,0,0,0.0,False
1942,C00906,1,0,0,0.0,False
1942,C00907,1,0,0,0.0,False
1942,C00908,1,0,0,0.0,False
1942,C00909,3,0,0,0.0,False
1942,C00910,1,0,0,0.0,False
1942,C00911,1,0,0,0.0,False
1942,C00912,3,0,0,0.0,False
1942,C00913,1,1,1,1.0,True
1942,C00914,3,0,0,0.0,False
1942,C00915,4,0,0,0.0,False
1942,C00916,4,0,0,0.0,False
1942,C00917,1,0,0,0.0,False
1942,C00918,1,0,0,0.0,False
1942,C00919,1,0,0,0.0,False
1942,C00920,1,0,0,0.0,False
1942,C00921,1,0,0,0.0,False
1942,C00922,1,0,0,0.0,False
1942,C00923,1,0,0,0.0,False
1942,C00924,1,0,0,0.0,False
1942,C00925,1,0,0,0.0,False
1942,C00926,2,0,0,0.0,False
1942,C00927,2,0,0,0.0,False
1942,C00928,2,0,0,0.0,False
1942,C00929,2,0,0,0.0,False
1942,C00930,1,0,0,0.0,False
1942,C00931,2,0,0,0.0,False
1942,C00932,1,1,1,1.0,True
1942,C00933,1,0,0,0.0,False
1942,C00934,1,1,1,1.0,True
1942,C00935,1,1,1,1.0,True
1942,C00936,1,0,0,0.0,False
1942,C00937,3,0,0,0.0,False
1942,C00938,1,0,0,0.0,False
1942,C00939,1,0,0,0.0,False
1942,C00940,1,0,0,0.0,False
1942,C00941,1,1,1,1.0,True
1942,C00942,1,0,0,0.0,False
1942,C00943,1,0,0,0.0,False
1942,C00944,1,0,0,0.0,False
1942,C00945,5,0,0,0.0,False
1942,C00946,1,0,0,0.0,False
1942,C00947,6,3,2,0.5,True
1942,C00948,1,0,0,0.0,False
1942,C00949,1,0,0,0.0,False
1942,C00950,1,0,0,0.0,False
1942,C00951,1,0,0,0.0,False
1942,C00952,1,0,0,0.0,False
1942,C00953,1,0,0,0.0,False
1942,C00954,1,0,0,0.0,False
1942,C00955,1,0,0,0.0,False
1942,C00956,1,1,0,1.0,True
1942,C00957,2,0,0,0.0,False
1942,C00958,1,0,0,0.0,False
1942,C00959,2,0,0,0.0,False
1942,C00960,1,1,1,1.0,True
1942,C00961,1,1,1,1.0,True
1942,C00962,1,1,1,1.0,True
1942,C00963,2,0,0,0.0,False
1942,C00964,1,0,0,0.0,False
1942,C00965,1,0,0,0.0,False
1942,C00966,2,0,0,0.0,False
1942,C00967,1,0,0,0.0,False
1942,C00968,1,0,0,0.0,False
1942,C00969,1,0,0,0.0,False
1942,C00970,7,0,0,0.0,False
1942,C00971,1,0,0,0.0,False
1942,C00972,1,0,0,0.0,False
1942,C00973,1,0,0,0.0,False
1942,C00974,1,0,0,0.0,False
1942,C00975,1,0,0,0.0,False
1942,C00976,1,0,0,0.0,False
1942,C00977,1,0,0,0.0,False
1942,C00978,1,1,1,1.0,True
1942,C00979,1,0,0,0.0,False
1942,C00980,3,0,0,0.0,False
1942,C00981,3,0,0,0.0,False
1942,C00982,4,1,1,0.25,True
1942,C00983,4,0,0,0.0,False
1942,C00984,2,0,0,0.0,False
1942,C00985,2,1,1,0.5,True
1942,C00986,2,0,0,0.0,False
1942,C00987,5,2,2,0.4,True
1942,C00988,4,1,1,0.25,True
1942,C00989,4,1,1,0.25,True
1942,C00990,1,0,0,0.0,False
1942,C00991,2,1,1,0.5,True
1942,C00992,1,0,0,0.0,False
1942,C00993,2,0,0,0.0,False
1942,C00994,1,1,1,1.0,True
1942,C00995,1,0,0,0.0,False
1942,C00996,1,0,0,0.0,False
1942,C00997,1,1,1,1.0,True
1942,C00998,1,0,0,0.0,False
1942,C00999,1,0,0,0.0,False
1942,C01000,1,0,0,0.0,False
1942,C01001,1,0,0,0.0,False
1942,C01002,1,0,0,0.0,False
1942,C01003,1,0,0,0.0,False
1942,C01004,1,0,0,0.0,False
1942,C01005,1,0,0,0.0,False
1942,C01006,1,0,0,0.0,False
1942,C01007,1,1,0,1.0,True
1942,C01008,1,0,0,0.0,False
1942,C01009,1,0,0,0.0,False
1942,C01010,4,1,1,0.25,True
1942,C01011,2,0,0,0.0,False
1942,C01012,1,0,0,0.0,False
1942,C01013,1,0,0,0.0,False
1942,C01014,1,0,0,0.0,False
1942,C01015,1,0,0,0.0,False
1942,C01016,1,0,0,0.0,False
1942,C01017,1,1,1,1.0,True
1942,C01018,4,0,0,0.0,False
1942,C01019,1,1,1,1.0,True
1942,C01020,4,1,1,0.25,True
1942,C01021,1,0,0,0.0,False
1942,C01022,2,1,1,0.5,True
1942,C01023,1,1,1,1.0,True
1942,C01024,1,1,1,1.0,True
1942,C01025,1,1,1,1.0,True
1942,C01026,1,1,1,1.0,True
1942,C01027,1,1,1,1.0,True
1942,C01028,1,0,0,0.0,False
1942,C01029,1,0,0,0.0,False
1942,C01030,2,1,1,0.5,True
1942,C01031,1,0,0,0.0,False
1942,C01032,1,1,1,1.0,True
1942,C01033,2,2,2,1.0,True
1942,C01034,1,1,1,1.0,True
1942,C01035,2,0,0,0.0,False
1942,C01036,1,0,0,0.0,False
1942,C01037,1,0,0,0.0,False
1942,C01038,1,0,0,0.0,False
1942,C01039,1,0,0,0.0,False
1942,C01040,1,0,0,0.0,False
1942,C01041,1,1,1,1.0,True
1942,C01042,2,0,0,0.0,False
1942,C01043,1,1,1,1.0,True
1942,C01044,1,0,0,0.0,False
1942,C01045,1,0,0,0.0,False
1942,C01046,1,0,0,0.0,False
1942,C01047,1,0,0,0.0,False
1942,C01048,1,1,0,1.0,True
1942,C01049,1,0,0,0.0,False
1942,C01050,1,0,0,0.0,False
1942,C01051,1,0,0,0.0,False
1942,C01052,4,1,1,0.25,True
1942,C01053,1,0,0,0.0,False
1942,C01054,1,0,0,0.0,False
1942,C01055,1,0,0,0.0,False
1942,C01056,1,0,0,0.0,False
1942,C01057,1,1,1,1.0,True
1942,C01058,1,0,0,0.0,False
1942,C01059,1,0,0,0.0,False
1942,C01060,1,0,0,0.0,False
1942,C01061,1,0,0,0.0,False
1942,C01062,1,0,0,0.0,False
1942,C01063,3,0,0,0.0,False
1942,C01064,1,0,0,0.0,False
1942,C01065,1,1,1,1.0,True
1942,C01066,1,0,0,0.0,False
1942,C01067,2,0,0,0.0,False
1942,C01068,1,0,0,0.0,False
1942,C01069,1,0,0,0.0,False
1942,C01070,1,0,0,0.0,False
1942,C01071,3,0,0,0.0,False
1942,C01072,2,1,1,0.5,True
1942,C01073,3,0,0,0.0,False
1942,C01074,5,0,0,0.0,False
1942,C01075,2,1,1,0.5,True
1942,C01076,1,0,0,0.0,False
1942,C01077,1,0,0,0.0,False
1942,C01078,1,0,0,0.0,False
1942,C01079,1,0,0,0.0,False
1942,C01080,1,0,0,0.0,False
1942,C01081,1,0,0,0.0,False
1942,C01082,2,0,0,0.0,False
1942,C01083,1,0,0,0.0,False
1942,C01084,1,1,1,1.0,True
1942,C01085,1,0,0,0.0,False
1942,C01086,1,0,0,0.0,False
1942,C01087,1,0,0,0.0,False
1942,C01088,1,0,0,0.0,False
1942,C01089,1,0,0,0.0,False
1942,C01090,1,0,0,0.0,False
1942,C01091,1,0,0,0.0,False
1942,C01092,1,1,1,1.0,True
1942,C01093,2,0,0,0.0,False
1942,C01094,1,0,0,0.0,False
1942,C01095,1,0,0,0.0,False
1942,C01096,2,0,0,0.0,False
1942,C01097,1,0,0,0.0,False
1942,C01098,1,0,0,0.0,False
1942,C01099,1,0,0,0.0,False
1942,C01100,1,0,0,0.0,False
1942,C01101,1,0,0,0.0,False
1942,C01102,2,0,0,0.0,False
1942,C01103,1,0,0,0.0,False
1942,C01104,1,0,0,0.0,False
1942,C01105,1,0,0,0.0,False
1942,C01106,3,0,0,0.0,False
1942,C01107,2,0,0,0.0,False
1942,C01108,1,0,0,0.0,False
1942,C01109,1,0,0,0.0,False
1942,C01110,1,0,0,0.0,False
1942,C01111,1,1,1,1.0,True
1942,C01112,1,0,0,0.0,False
1942,C01113,4,0,0,0.0,False
1942,C01114,2,0,0,0.0,False
1942,C01115,3,0,0,0.0,False
1942,C01116,1,0,0,0.0,False
1942,C01117,3,0,0,0.0,False
1942,C01118,2,0,0,0.0,False
1942,C01119,4,0,0,0.0,False
1942,C01120,1,0,0,0.0,False
1942,C01121,1,0,0,0.0,False
1942,C01122,1,0,0,0.0,False
1942,C01123,1,0,0,0.0,False
1942,C01124,2,1,1,0.5,True
1942,C01125,1,0,0,0.0,False
1942,C01126,1,0,0,0.0,False
1942,C01127,5,3,3,0.6,True
1942,C01128,1,0,0,0.0,False
1942,C01129,1,0,0,0.0,False
1942,C01130,1,0,0,0.0,False
1942,C01131,2,1,1,0.5,True
1942,C01132,1,0,0,0.0,False
1942,C01133,1,0,0,0.0,False
1942,C01134,1,0,0,0.0,False
1942,C01135,1,0,0,0.0,False
1942,C01136,1,1,1,1.0,True
1942,C01137,1,0,0,0.0,False
1942,C01138,1,1,1,1.0,True
1942,C01139,1,0,0,0.0,False
1942,C01140,1,0,0,0.0,False
1942,C01141,1,0,0,0.0,False
1942,C01142,1,0,0,0.0,False
1942,C01143,1,1,0,1.0,True
1942,C01144,1,1,1,1.0,True
1942,C01145,1,0,0,0.0,False
1942,C01146,1,0,0,0.0,False
1942,C01147,1,0,0,0.0,False
1942,C01148,1,0,0,0.0,False
1942,C01149,1,1,1,1.0,True
1942,C01150,1,0,0,0.0,False
1942,C01151,1,0,0,0.0,False
1942,C01152,1,0,0,0.0,False
1942,C01153,1,0,0,0.0,False
1942,C01154,1,0,0,0.0,False
1942,C01155,1,0,0,0.0,False
1942,C01156,1,0,0,0.0,False
1942,C01157,1,0,0,0.0,False
1942,C01158,1,0,0,0.0,False
1942,C01159,1,0,0,0.0,False
1942,C01160,1,0,0,0.0,False
1942,C01161,1,1,1,1.0,True
1942,C01162,1,1,1,1.0,True
1942,C01163,2,1,1,0.5,True
1942,C01164,1,0,0,0.0,False
1942,C01165,1,0,0,0.0,False
1942,C01166,1,1,1,1.0,True
1942,C01167,1,0,0,0.0,False
1942,C01168,1,0,0,0.0,False
1942,C01169,1,0,0,0.0,False
1942,C01170,1,0,0,0.0,False
1942,C01171,1,0,0,0.0,False
1942,C01172,1,0,0,0.0,False
1942,C01173,1,0,0,0.0,False
1947,C00001,8,0,0,0.0,False
1947,C00005,3,0,0,0.0,False
1947,C00006,1,0,0,0.0,False
1947,C00007,2,0,0,0.0,False
1947,C00008,7,0,0,0.0,False
1947,C00009,5,1,1,0.2,True
1947,C00010,3,0,0,0.0,False
1947,C00012,3,0,0,0.0,False
1947,C00014,4,1,1,0.25,True
1947,C00015,2,0,0,0.0,False
1947,C00018,11,2,2,0.18181818181818182,True
1947,C00020,5,4,4,0.8,True
1947,C00023,1,0,0,0.0,False
1947,C00025,2,0,0,0.0,False
1947,C00026,6,1,1,0.16666666666666666,True
1947,C00027,1,1,1,1.0,True
1947,C00029,4,0,0,0.0,False
1947,C00030,4,0,0,0.0,False
1947,C00031,2,0,0,0.0,False
1947,C00033,1,0,0,0.0,False
1947,C00035,1,0,0,0.0,False
1947,C00037,2,1,1,0.5,True
1947,C00038,2,2,2,1.0,True
1947,C00042,2,0,0,0.0,False
1947,C00043,5,1,1,0.2,True
1947,C00046,2,0,0,0.0,False
1947,C00047,2,1,1,0.5,True
1947,C00048,5,2,2,0.4,True
1947,C00052,2,1,0,0.5,True
1947,C00055,10,3,3,0.3,True
1947,C00056,6,3,3,0.5,True
1947,C00058,6,1,1,0.16666666666666666,True
1947,C00059,3,0,0,0.0,False
1947,C00060,3,0,0,0.0,False
1947,C00065,3,1,1,0.3333333333333333,True
1947,C00067,1,0,0,0.0,False
1947,C00069,6,1,1,0.16666666666666666,True
1947,C00070,4,1,1,0.25,True
1947,C00071,1,0,0,0.0,False
1947,C00072,6,0,0,0.0,False
1947,C00073,3,0,0,0.0,False
1947,C00075,5,0,0,0.0,False
1947,C00076,7,0,0,0.0,False
1947,C00078,4,0,0,0.0,False
1947,C00080,4,0,0,0.0,False
1947,C00081,3,0,0,0.0,False
1947,C00082,5,1,1,0.2,True
1947,C00083,2,0,0,0.0,False
1947,C00084,3,0,0,0.0,False
1947,C00088,5,0,0,0.0,False
1947,C00091,10,4,3,0.4,True
1947,C00092,9,1,1,0.1111111111111111,True
1947,C00093,2,1,1,0.5,True
1947,C00094,2,1,1,0.5,True
1947,C00097,1,0,0,0.0,False
1947,C00099,1,1,1,1.0,True
1947,C00101,4,0,0,0.0,False
1947,C00102,8,2,2,0.25,True
1947,C00103,7,0,0,0.0,False
1947,C00105,3,1,0,0.3333333333333333,True
1947,C00106,7,0,0,0.0,False
1947,C00107,1,1,1,1.0,True
1947,C00108,2,1,0,0.5,True
1947,C00109,4,3,3,0.75,True
1947,C00110,1,0,0,0.0,False
1947,C00112,5,0,0,0.0,False
1947,C00114,5,1,1,0.2,True
1947,C00115,2,0,0,0.0,False
1947,C00116,1,0,0,0.0,False
1947,C00118,5,0,0,0.0,False
1947,C00121,5,1,1,0.2,True
1947,C00122,1,0,0,0.0,False
1947,C00123,3,0,0,0.0,False
1947,C00125,1,0,0,0.0,False
1947,C00126,1,0,0,0.0,False
1947,C00127,2,1,1,0.5,True
1947,C00128,1,0,0,0.0,False
1947,C00130,2,1,1,0.5,True
1947,C00131,5,1,1,0.2,True
1947,C00133,1,0,0,0.0,False
1947,C00139,2,1,1,0.5,True
1947,C00140,2,1,1,0.5,True
1947,C00141,3,1,1,0.3333333333333333,True
1947,C00142,2,1,0,0.5,True
1947,C00143,3,0,0,0.0,False
1947,C00145,5,0,0,0.0,False
1947,C00148,4,2,2,0.5,True
1947,C00150,1,1,1,1.0,True
1947,C00151,2,0,0,0.0,False
1947,C00152,1,0,0,0.0,False
1947,C00153,3,0,0,0.0,False
1947,C00154,1,1,1,1.0,True
1947,C00157,3,1,1,0.3333333333333333,True
1947,C00160,1,0,0,0.0,False
1947,C00162,2,0,0,0.0,False
1947,C00164,7,2,2,0.2857142857142857,True
1947,C00165,1,0,0,0.0,False
1947,C00171,5,1,1,0.2,True
1947,C00174,1,0,0,0.0,False
1947,C00175,6,0,0,0.0,False
1947,C00176,4,2,1,0.5,True
1947,C00178,2,1,1,0.5,True
1947,C00182,3,1,1,0.3333333333333333,True
1947,C00184,1,1,1,1.0,True
1947,C00185,3,0,0,0.0,False
1947,C00190,9,4,4,0.4444444444444444,True
1947,C00191,2,1,0,0.5,True
1947,C00192,3,0,0,0.0,False
1947,C00196,3,0,0,0.0,False
1947,C00200,3,0,0,0.0,False
1947,C00203,1,0,0,0.0,False
1947,C00209,3,1,1,0.3333333333333333,True
1947,C00210,8,3,3,0.375,True
1947,C00229,2,1,1,0.5,True
1947,C00232,6,0,0,0.0,False
1947,C00235,1,0,0,0.0,False
1947,C00238,2,0,0,0.0,False
1947,C00239,2,1,1,0.5,True
1947,C00241,3,0,0,0.0,False
1947,C00245,1,0,0,0.0,False
1947,C00246,1,0,0,0.0,False
1947,C00247,1,0,0,0.0,False
1947,C00248,4,0,0,0.0,False
1947,C00256,1,0,0,0.0,False
1947,C00259,2,0,0,0.0,False
1947,C00260,2,0,0,0.0,False
1947,C00261,1,0,0,0.0,False
1947,C00266,1,0,0,0.0,False
1947,C00268,2,0,0,0.0,False
1947,C00273,2,0,0,0.0,False
1947,C00275,1,0,0,0.0,False
1947,C00276,1,0,0,0.0,False
1947,C00280,7,0,0,0.0,False
1947,C00282,3,0,0,0.0,False
1947,C00289,6,1,1,0.16666666666666666,True
1947,C00290,5,1,1,0.2,True
1947,C00291,5,2,2,0.4,True
1947,C00293,3,0,0,0.0,False
1947,C00295,2,0,0,0.0,False
1947,C00296,1,0,0,0.0,False
1947,C00297,1,1,1,1.0,True
1947,C00302,6,0,0,0.0,False
1947,C00303,2,0,0,0.0,False
1947,C00304,5,0,0,0.0,False
1947,C00310,2,0,0,0.0,False
1947,C00315,5,0,0,0.0,False
1947,C00317,5,1,1,0.2,True
1947,C00318,4,0,0,0.0,False
1947,C00319,1,0,0,0.0,False
1947,C00324,2,0,0,0.0,False
1947,C00325,6,3,3,0.5,True
1947,C00331,1,0,0,0.0,False
1947,C00332,3,0,0,0.0,False
1947,C00333,1,0,0,0.0,False
1947,C00335,1,0,0,0.0,False
1947,C00339,1,0,0,0.0,False
1947,C00340,2,1,1,0.5,True
1947,C00341,3,1,1,0.3333333333333333,True
1947,C00345,2,1,1,0.5,True
1947,C00346,5,0,0,0.0,False
1947,C00356,1,0,0,0.0,False
1947,C00357,1,0,0,0.0,False
1947,C00362,1,0,0,0.0,False
1947,C00363,1,0,0,0.0,False
1947,C00367,2,0,0,0.0,False
1947,C00368,3,0,0,0.0,False
1947,C00374,1,0,0,0.0,False
1947,C00378,4,0,0,0.0,False
1947,C00383,1,0,0,0.0,False
1947,C00385,1,0,0,0.0,False
1947,C00389,3,0,0,0.0,False
1947,C00393,3,0,0,0.0,False
1947,C00396,2,0,0,0.0,False
1947,C00405,1,0,0,0.0,False
1947,C00419,6,1,0,0.16666666666666666,True
1947,C00420,1,0,0,0.0,False
1947,C00422,2,1,1,0.5,True
1947,C00423,3,0,0,0.0,False
1947,C00425,2,0,0,0.0,False
1947,C00427,2,0,0,0.0,False
1947,C00428,1,0,0,0.0,False
1947,C00434,1,0,0,0.0,False
1947,C00435,3,0,0,0.0,False
1947,C00437,5,1,1,0.2,True
1947,C00439,2,0,0,0.0,False
1947,C00442,7,1,1,0.14285714285714285,True
1947,C00445,5,0,0,0.0,False
1947,C00448,1,0,0,0.0,False
1947,C00450,1,1,1,1.0,True
1947,C00457,1,0,0,0.0,False
1947,C00459,7,0,0,0.0,False
1947,C00461,3,0,0,0.0,False
1947,C00463,1,0,0,0.0,False
1947,C00465,2,1,1,0.5,True
1947,C00469,2,0,0,0.0,False
1947,C00472,1,0,0,0.0,False
1947,C00473,1,0,0,0.0,False
1947,C00476,2,2,1,1.0,True
1947,C00477,1,0,0,0.0,False
1947,C00478,3,1,1,0.3333333333333333,True
1947,C00479,3,1,0,0.3333333333333333,True
1947,C00482,6,1,0,0.16666666666666666,True
1947,C00483,2,0,0,0.0,False
1947,C00485,1,0,0,0.0,False
1947,C00488,1,1,1,1.0,True
1947,C00494,3,0,0,0.0,False
1947,C00497,1,0,0,0.0,False
1947,C00500,1,1,1,1.0,True
1947,C00507,3,0,0,0.0,False
1947,C00508,2,0,0,0.0,False
1947,C00511,2,1,0,0.5,True
1947,C00512,2,0,0,0.0,False
1947,C00517,1,0,0,0.0,False
1947,C00520,2,0,0,0.0,False
1947,C00523,5,2,1,0.4,True
1947,C00524,6,1,1,0.16666666666666666,True
1947,C00529,4,0,0,0.0,False
1947,C00530,1,0,0,0.0,False
1947,C00531,2,0,0,0.0,False
1947,C00536,2,0,0,0.0,False
1947,C00543,2,0,0,0.0,False
1947,C00544,1,0,0,0.0,False
1947,C00545,1,0,0,0.0,False
1947,C00546,2,0,0,0.0,False
1947,C00552,9,1,1,0.1111111111111111,True
1947,C00558,1,0,0,0.0,False
1947,C00559,1,1,1,1.0,True
1947,C00572,2,0,0,0.0,False
1947,C00575,1,0,0,0.0,False
1947,C00580,5,0,0,0.0,False
1947,C00581,1,1,1,1.0,True
1947,C00582,6,0,0,0.0,False
1947,C00584,6,2,1,0.3333333333333333,True
1947,C00590,1,0,0,0.0,False
1947,C00615,1,0,0,0.0,False
1947,C00622,1,0,0,0.0,False
1947,C00626,1,0,0,0.0,False
1947,C00639,2,0,0,0.0,False
1947,C00645,2,0,0,0.0,False
1947,C00675,1,0,0,0.0,False
1947,C00696,1,0,0,0.0,False
1947,C00704,1,1,1,1.0,True
1947,C00733,1,0,0,0.0,False
1947,C00735,1,0,0,0.0,False
1947,C00736,4,1,1,0.25,True
1947,C00737,5,0,0,0.0,False
1947,C00739,3,0,0,0.0,False
1947,C00740,4,0,0,0.0,False
1947,C00752,4,1,1,0.25,True
1947,C00763,1,1,1,1.0,True
1947,C00766,1,0,0,0.0,False
1947,C00768,2,0,0,0.0,False
1947,C00769,1,1,1,1.0,True
1947,C00770,1,0,0,0.0,False
1947,C00774,3,0,0,0.0,False
1947,C00779,2,0,0,0.0,False
1947,C00795,1,0,0,0.0,False
1947,C00797,1,0,0,0.0,False
1947,C00802,1,0,0,0.0,False
1947,C00804,2,0,0,0.0,False
1947,C00808,1,0,0,0.0,False
1947,C00810,7,0,0,0.0,False
1947,C00812,3,0,0,0.0,False
1947,C00813,1,0,0,0.0,False
1947,C00824,2,0,0,0.0,False
1947,C00825,4,0,0,0.0,False
1947,C00827,1,0,0,0.0,False
1947,C00831,1,0,0,0.0,False
1947,C00832,2,0,0,0.0,False
1947,C00833,1,0,0,0.0,False
1947,C00837,6,1,1,0.16666666666666666,True
1947,C00838,1,0,0,0.0,False
1947,C00839,1,0,0,0.0,False
1947,C00840,1,0,0,0.0,False
1947,C00846,1,0,0,0.0,False
1947,C00851,3,1,1,0.3333333333333333,True
1947,C00855,1,0,0,0.0,False
1947,C00863,4,0,0,0.0,False
1947,C00865,3,0,0,0.0,False
1947,C00866,1,1,1,1.0,True
1947,C00868,1,0,0,0.0,False
1947,C00874,1,0,0,0.0,False
1947,C00876,2,0,0,0.0,False
1947,C00878,3,0,0,0.0,False
1947,C00884,3,1,1,0.3333333333333333,True
1947,C00885,3,0,0,0.0,False
1947,C00886,4,1,0,0.25,True
1947,C00888,1,1,1,1.0,True
1947,C00890,1,1,1,1.0,True
1947,C00893,2,0,0,0.0,False
1947,C00895,1,1,1,1.0,True
1947,C00898,1,0,0,0.0,False
1947,C00903,1,0,0,0.0,False
1947,C00909,4,0,0,0.0,False
1947,C00912,1,1,1,1.0,True
1947,C00914,1,0,0,0.0,False
1947,C00915,2,0,0,0.0,False
1947,C00916,1,0,0,0.0,False
1947,C00925,1,1,1,1.0,True
1947,C00937,1,0,0,0.0,False
1947,C00947,1,0,0,0.0,False
1947,C00977,1,0,0,0.0,False
1947,C00979,1,0,0,0.0,False
1947,C00987,3,0,0,0.0,False
1947,C00993,1,0,0,0.0,False
1947,C00997,2,0,0,0.0,False
1947,C01000,1,0,0,0.0,False
1947,C01002,5,1,1,0.2,True
1947,C01010,1,0,0,0.0,False
1947,C01013,1,0,0,0.0,False
1947,C01015,2,0,0,0.0,False
1947,C01018,3,0,0,0.0,False
1947,C01020,2,2,2,1.0,True
1947,C01022,7,4,4,0.5714285714285714,True
1947,C01026,1,1,1,1.0,True
1947,C01028,2,0,0,0.0,False
1947,C01029,2,1,1,0.5,True
1947,C01030,3,1,1,0.3333333333333333,True
1947,C01032,2,1,1,0.5,True
1947,C01033,4,3,3,0.75,True
1947,C01034,1,1,1,1.0,True
1947,C01036,1,0,0,0.0,False
1947,C01038,1,0,0,0.0,False
1947,C01041,1,1,1,1.0,True
1947,C01044,3,0,0,0.0,False
1947,C01046,1,0,0,0.0,False
1947,C01047,2,0,0,0.0,False
1947,C01051,1,0,0,0.0,False
1947,C01052,4,1,1,0.25,True
1947,C01057,2,1,1,0.5,True
1947,C01063,3,0,0,0.0,False
1947,C01065,1,1,1,1.0,True
1947,C01066,1,0,0,0.0,False
1947,C01070,1,0,0,0.0,False
1947,C01071,1,0,0,0.0,False
1947,C01072,1,0,0,0.0,False
1947,C01074,3,0,0,0.0,False
1947,C01075,2,0,0,0.0,False
1947,C01077,2,0,0,0.0,False
1947,C01082,3,1,1,0.3333333333333333,True
1947,C01085,1,0,0,0.0,False
1947,C01092,1,0,0,0.0,False
1947,C01093,1,0,0,0.0,False
1947,C01098,1,0,0,0.0,False
1947,C01099,1,0,0,0.0,False
1947,C01108,2,0,0,0.0,False
1947,C01113,3,0,0,0.0,False
1947,C01114,1,0,0,0.0,False
1947,C01117,2,0,0,0.0,False
1947,C01118,4,0,0,0.0,False
1947,C01123,4,2,2,0.5,True
1947,C01124,4,3,3,0.75,True
1947,C01128,1,0,0,0.0,False
1947,C01132,1,0,0,0.0,False
1947,C01136,2,0,0,0.0,False
1947,C01146,1,1,1,1.0,True
1947,C01150,1,0,0,0.0,False
1947,C01157,2,0,0,0.0,False
1947,C01163,1,1,1,1.0,True
1947,C01164,1,1,1,1.0,True
1947,C01166,1,0,0,0.0,False
1947,C01174,1,0,0,0.0,False
1947,C01175,2,0,0,0.0,False
1947,C01176,1,0,0,0.0,False
1947,C01177,6,0,0,0.0,False
1947,C01178,3,0,0,0.0,False
1947,C01179,1,0,0,0.0,False
1947,C01180,3,0,0,0.0,False
1947,C01181,1,1,1,1.0,True
1947,C01182,1,0,0,0.0,False
1947,C01183,1,0,0,0.0,False
1947,C01184,1,0,0,0.0,False
1947,C01185,2,1,1,0.5,True
1947,C01186,1,0,0,0.0,False
1947,C01187,1,0,0,0.0,False
1947,C01188,5,0,0,0.0,False
1947,C01189,1,0,0,0.0,False
1947,C01190,1,0,0,0.0,False
1947,C01191,1,0,0,0.0,False
1947,C01192,1,0,0,0.0,False
1947,C01193,1,0,0,0.0,False
1947,C01194,1,0,0,0.0,False
1947,C01195,1,0,0,0.0,False
1947,C01196,2,0,0,0.0,False
1947,C01197,2,0,0,0.0,False
1947,C01198,3,0,0,0.0,False
1947,C01199,1,0,0,0.0,False
1947,C01200,4,2,2,0.5,True
1947,C01201,1,0,0,0.0,False
1947,C01202,1,0,0,0.0,False
1947,C01203,1,1,1,1.0,True
1947,C01204,1,0,0,0.0,False
1947,C01205,4,0,0,0.0,False
1947,C01206,2,0,0,0.0,False
1947,C01207,1,0,0,0.0,False
1947,C01208,1,0,0,0.0,False
1947,C01209,2,0,0,0.0,False
1947,C01210,1,0,0,0.0,False
1947,C01211,1,0,0,0.0,False
1947,C01212,3,0,0,0.0,False
1947,C01213,1,0,0,0.0,False
1947,C01214,2,0,0,0.0,False
1947,C01215,2,1,1,0.5,True
1947,C01216,1,0,0,0.0,False
1947,C01217,1,0,0,0.0,False
1947,C01218,1,0,0,0.0,False
1947,C01219,1,0,0,0.0,False
1947,C01220,1,0,0,0.0,False
1947,C01221,1,0,0,0.0,False
1947,C01222,1,0,0,0.0,False
1947,C01223,5,0,0,0.0,False
1947,C01224,1,0,0,0.0,False
1947,C01225,1,0,0,0.0,False
1947,C01226,1,0,0,0.0,False
1947,C01227,4,0,0,0.0,False
1947,C01228,1,0,0,0.0,False
1947,C01229,1,0,0,0.0,False
1947,C01230,6,0,0,0.0,False
1947,C01231,1,0,0,0.0,False
1947,C01232,1,0,0,0.0,False
1947,C01233,1,0,0,0.0,False
1947,C01234,1,0,0,0.0,False
1947,C01235,1,0,0,0.0,False
1947,C01236,1,0,0,0.0,False
1947,C01237,1,0,0,0.0,False
1947,C01238,1,0,0,0.0,False
1947,C01239,1,0,0,0.0,False
1947,C01240,2,0,0,0.0,False
1947,C01241,4,0,0,0.0,False
1947,C01242,2,0,0,0.0,False
1947,C01243,1,0,0,0.0,False
1947,C01244,1,0,0,0.0,False
1947,C01245,2,0,0,0.0,False
1947,C01246,1,0,0,0.0,False
1947,C01247,3,0,0,0.0,False
1947,C01248,4,1,1,0.25,True
1947,C01249,1,0,0,0.0,False
1947,C01250,1,1,0,1.0,True
1947,C01251,1,1,1,1.0,True
1947,C01252,1,0,0,0.0,False
1947,C01253,1,0,0,0.0,False
1947,C01254,1,1,1,1.0,True
1947,C01255,1,1,1,1.0,True
1947,C01256,1,0,0,0.0,False
1947,C01257,1,0,0,0.0,False
1947,C01258,1,0,0,0.0,False
1947,C01259,1,1,1,1.0,True
1947,C01260,1,0,0,0.0,False
1947,C01261,1,0,0,0.0,False
1947,C01262,1,0,0,0.0,False
1947,C01263,1,0,0,0.0,False
1947,C01264,1,0,0,0.0,False
1947,C01265,2,0,0,0.0,False
1947,C01266,4,0,0,0.0,False
1947,C01267,3,2,2,0.6666666666666666,True
1947,C01268,1,0,0,0.0,False
1947,C01269,1,0,0,0.0,False
1947,C01270,1,0,0,0.0,False
1947,C01271,6,0,0,0.0,False
1947,C01272,2,0,0,0.0,False
1947,C01273,1,1,1,1.0,True
1947,C01274,5,1,1,0.2,True
1947,C01275,4,1,1,0.25,True
1947,C01276,3,1,1,0.3333333333333333,True
1947,C01277,1,0,0,0.0,False
1947,C01278,1,0,0,0.0,False
1947,C01279,1,0,0,0.0,False
1947,C01280,1,0,0,0.0,False
1947,C01281,2,0,0,0.0,False
1947,C01282,3,1,1,0.3333333333333333,True
1947,C01283,2,0,0,0.0,False
1947,C01284,1,0,0,0.0,False
1947,C01285,1,0,0,0.0,False
1947,C01286,1,0,0,0.0,False
1947,C01287,1,0,0,0.0,False
1947,C01288,3,0,0,0.0,False
1947,C01289,3,1,1,0.3333333333333333,True
1947,C01290,1,1,0,1.0,True
1947,C01291,1,0,0,0.0,False
1947,C01292,2,0,0,0.0,False
1947,C01293,3,0,0,0.0,False
1947,C01294,6,0,0,0.0,False
1947,C01295,1,1,1,1.0,True
1947,C01296,1,1,1,1.0,True
1947,C01297,1,1,1,1.0,True
1947,C01298,1,0,0,0.0,False
1947,C01299,3,2,2,0.6666666666666666,True
1947,C01300,1,0,0,0.0,False
1947,C01301,3,0,0,0.0,False
1947,C01302,3,0,0,0.0,False
1947,C01303,2,0,0,0.0,False
1947,C01304,2,0,0,0.0,False
1947,C01305,1,1,1,1.0,True
1947,C01306,1,0,0,0.0,False
1947,C01307,1,1,1,1.0,True
1947,C01308,1,0,0,0.0,False
1947,C01309,1,0,0,0.0,False
1947,C01310,1,0,0,0.0,False
1947,C01311,3,0,0,0.0,False
1947,C01312,1,0,0,0.0,False
1947,C01313,1,0,0,0.0,False
1947,C01314,1,0,0,0.0,False
1947,C01315,1,0,0,0.0,False
1947,C01316,1,0,0,0.0,False
1947,C01317,1,0,0,0.0,False
1947,C01318,5,1,1,0.2,True
1947,C01319,1,0,0,0.0,False
1947,C01320,4,0,0,0.0,False
1947,C01321,1,0,0,0.0,False
1947,C01322,5,1,1,0.2,True
1947,C01323,1,0,0,0.0,False
1947,C01324,1,1,1,1.0,True
1947,C01325,4,0,0,0.0,False
1947,C01326,1,1,1,1.0,True
1947,C01327,1,0,0,0.0,False
1947,C01328,3,0,0,0.0,False
1947,C01329,1,0,0,0.0,False
1947,C01330,1,0,0,0.0,False
1947,C01331,1,0,0,0.0,False
1947,C01332,1,0,0,0.0,False
1947,C01333,1,0,0,0.0,False
1947,C01334,1,0,0,0.0,False
1947,C01335,1,0,0,0.0,False
1947,C01336,1,0,0,0.0,False
1947,C01337,2,0,0,0.0,False
1947,C01338,4,0,0,0.0,False
1947,C01339,1,0,0,0.0,False
1947,C01340,2,1,1,0.5,True
1947,C01341,2,0,0,0.0,False
1947,C01342,1,1,1,1.0,True
1947,C01343,1,0,0,0.0,False
1947,C01344,1,0,0,0.0,False
1947,C01345,1,0,0,0.0,False
1947,C01346,3,0,0,0.0,False
1947,C01347,1,0,0,0.0,False
1947,C01348,1,0,0,0.0,False
1947,C01349,7,2,1,0.2857142857142857,True
1947,C01350,1,0,0,0.0,False
1947,C01351,1,0,0,0.0,False
1947,C01352,1,0,0,0.0,False
1947,C01353,1,0,0,0.0,False
1947,C01354,2,1,1,0.5,True
1947,C01355,3,1,1,0.3333333333333333,True
1947,C01356,1,0,0,0.0,False
1947,C01357,1,0,0,0.0,False
1947,C01358,1,0,0,0.0,False
1947,C01359,1,1,1,1.0,True
1947,C01360,4,0,0,0.0,False
1947,C01361,2,0,0,0.0,False
1947,C01362,6,1,1,0.16666666666666666,True
1947,C01363,3,0,0,0.0,False
1947,C01364,1,1,1,1.0,True
1947,C01365,4,0,0,0.0,False
1947,C01366,4,1,0,0.25,True
1947,C01367,1,0,0,0.0,False
1947,C01368,1,0,0,0.0,False
1947,C01369,1,0,0,0.0,False
1947,C01370,1,0,0,0.0,False
1947,C01371,1,1,1,1.0,True
1947,C01372,1,0,0,0.0,False
1947,C01373,1,0,0,0.0,False
1947,C01374,1,0,0,0.0,False
1947,C01375,1,0,0,0.0,False
1947,C01376,1,0,0,0.0,False
1947,C01377,1,0,0,0.0,False
1947,C01378,1,0,0,0.0,False
1947,C01379,1,0,0,0.0,False
1947,C01380,1,0,0,0.0,False
1947,C01381,1,0,0,0.0,False
1947,C01382,2,0,0,0.0,False
1947,C01383,2,0,0,0.0,False
1947,C01384,1,0,0,0.0,False
1947,C01385,6,1,1,0.16666666666666666,True
1947,C01386,1,0,0,0.0,False
1947,C01387,1,0,0,0.0,False
1947,C01388,1,0,0,0.0,False
1947,C01389,1,0,0,0.0,False
1947,C01390,1,0,0,0.0,False
1947,C01391,2,0,0,0.0,False
1947,C01392,1,0,0,0.0,False
1947,C01393,1,1,1,1.0,True
1947,C01394,1,0,0,0.0,False
1947,C01395,1,0,0,0.0,False
1947,C01396,1,0,0,0.0,False
1947,C01397,1,0,0,0.0,False
1947,C01398,1,0,0,0.0,False
1947,C01399,5,1,1,0.2,True
1947,C01400,2,0,0,0.0,False
1947,C01401,1,0,0,0.0,False
1947,C01402,1,0,0,0.0,False
1947,C01403,1,0,0,0.0,False
1947,C01404,1,0,0,0.0,False
1947,C01405,1,0,0,0.0,False
1947,C01406,1,0,0,0.0,False
1947,C01407,1,0,0,0.0,False
1947,C01408,1,1,1,1.0,True
1947,C01409,1,1,1,1.0,True
1947,C01410,1,0,0,0.0,False
1947,C01411,1,0,0,0.0,False
1947,C01412,1,0,0,0.0,False
1947,C01413,1,1,1,1.0,True
1947,C01414,1,0,0,0.0,False
1947,C01415,1,0,0,0.0,False
1947,C01416,1,0,0,0.0,False
1947,C01417,2,0,0,0.0,False
1947,C01418,1,0,0,0.0,False
1947,C01419,1,0,0,0.0,False
1947,C01420,1,0,0,0.0,False
1947,C01421,1,0,0,0.0,False
1947,C01422,1,0,0,0.0,False
1947,C01423,1,0,0,0.0,False
1947,C01424,3,0,0,0.0,False
1947,C01425,1,1,1,1.0,True
1947,C01426,1,0,0,0.0,False
1947,C01427,4,2,2,0.5,True
1947,C01428,1,0,0,0.0,False
1947,C01429,1,1,1,1.0,True
1947,C01430,3,1,1,0.3333333333333333,True
1947,C01431,1,1,1,1.0,True
1947,C01432,1,0,0,0.0,False
1947,C01433,5,0,0,0.0,False
1947,C01434,1,0,0,0.0,False
1947,C01435,1,1,1,1.0,True
1947,C01436,3,0,0,0.0,False
1947,C01437,1,0,0,0.0,False
1947,C01438,1,0,0,0.0,False
1947,C01439,1,0,0,0.0,False
1947,C01440,2,1,1,0.5,True
1947,C01441,1,0,0,0.0,False
1947,C01442,2,0,0,0.0,False
1947,C01443,1,0,0,0.0,False
1947,C01444,1,0,0,0.0,False
1947,C01445,1,0,0,0.0,False
1947,C01446,2,1,1,0.5,True
1947,C01447,1,1,1,1.0,True
1947,C01448,1,1,1,1.0,True
1947,C01449,1,0,0,0.0,False
1947,C01450,1,0,0,0.0,False
1947,C01451,1,0,0,0.0,False
1947,C01452,1,1,1,1.0,True
1947,C01453,2,1,0,0.5,True
1947,C01454,3,0,0,0.0,False
1947,C01455,3,0,0,0.0,False
1947,C01456,3,0,0,0.0,False
1947,C01457,1,0,0,0.0,False
1947,C01458,1,0,0,0.0,False
1947,C01459,1,0,0,0.0,False
1947,C01460,6,0,0,0.0,False
1947,C01461,1,1,1,1.0,True
1947,C01462,2,0,0,0.0,False
1947,C01463,1,0,0,0.0,False
1947,C01464,1,0,0,0.0,False
1947,C01465,1,0,0,0.0,False
1947,C01466,1,0,0,0.0,False
1947,C01467,3,0,0,0.0,False
1947,C01468,1,0,0,0.0,False
1947,C01469,2,0,0,0.0,False
1947,C01470,1,1,1,1.0,True
1947,C01471,1,0,0,0.0,False
1947,C01472,6,0,0,0.0,False
1947,C01473,1,1,0,1.0,True
1947,C01474,2,0,0,0.0,False
1947,C01475,1,1,0,1.0,True
1947,C01476,1,0,0,0.0,False
1947,C01477,2,1,0,0.5,True
1947,C01478,1,0,0,0.0,False
1947,C01479,1,0,0,0.0,False
1947,C01480,1,0,0,0.0,False
1947,C01481,1,0,0,0.0,False
1947,C01482,1,0,0,0.0,False
1947,C01483,2,0,0,0.0,False
1947,C01484,1,1,0,1.0,True
1947,C01485,1,1,0,1.0,True
1947,C01486,1,0,0,0.0,False
1947,C01487,1,0,0,0.0,False
1947,C01488,1,1,1,1.0,True
1947,C01489,1,0,0,0.0,False
1947,C01490,1,0,0,0.0,False
1947,C01491,1,0,0,0.0,False
1947,C01492,1,0,0,0.0,False
1947,C01493,1,1,0,1.0,True
1947,C01494,1,0,0,0.0,False
1947,C01495,2,0,0,0.0,False
1947,C01496,1,0,0,0.0,False
1947,C01497,1,0,0,0.0,False
1947,C01498,1,0,0,0.0,False
1947,C01499,1,0,0,0.0,False
1947,C01500,1,0,0,0.0,False
1947,C01501,1,0,0,0.0,False
1947,C01502,1,1,1,1.0,True
1947,C01503,1,0,0,0.0,False
1947,C01504,1,0,0,0.0,False
1947,C01505,1,0,0,0.0,False
1947,C01506,1,0,0,0.0,False
1947,C01507,1,0,0,0.0,False
1947,C01508,1,1,1,1.0,True
1947,C01509,1,0,0,0.0,False
1947,C01510,1,0,0,0.0,False
1947,C01511,1,0,0,0.0,False
1947,C01512,1,0,0,0.0,False
1947,C01513,1,0,0,0.0,False
1947,C01514,1,0,0,0.0,False
1947,C01515,1,1,1,1.0,True
1947,C01516,1,1,0,1.0,True
1947,C01517,2,0,0,0.0,False
1947,C01518,1,0,0,0.0,False
1947,C01519,1,0,0,0.0,False
1947,C01520,1,0,0,0.0,False
1947,C01521,1,0,0,0.0,False
1947,C01522,1,0,0,0.0,False
1947,C01523,1,0,0,0.0,False
1947,C01524,1,0,0,0.0,False
1947,C01525,1,0,0,0.0,False
1947,C01526,4,0,0,0.0,False
1947,C01527,1,0,0,0.0,False
1947,C01528,1,0,0,0.0,False
1947,C01529,1,0,0,0.0,False
1947,C01530,1,0,0,0.0,False
1947,C01531,1,0,0,0.0,False
1947,C01532,1,0,0,0.0,False
1947,C01533,1,0,0,0.0,False
1947,C01534,7,2,1,0.2857142857142857,True
1947,C01535,1,1,0,1.0,True
1947,C01536,1,0,0,0.0,False
1947,C01537,2,1,1,0.5,True
1947,C01538,3,0,0,0.0,False
1947,C01539,1,1,1,1.0,True
1947,C01540,1,1,1,1.0,True
1947,C01541,1,0,0,0.0,False
1947,C01542,1,0,0,0.0,False
1947,C01543,1,1,1,1.0,True
1947,C01544,4,0,0,0.0,False
1947,C01545,1,1,1,1.0,True
1947,C01546,2,0,0,0.0,False
1947,C01547,1,0,0,0.0,False
1947,C01548,1,0,0,0.0,False
1947,C01549,1,0,0,0.0,False
1947,C01550,1,0,0,0.0,False
1947,C01551,1,0,0,0.0,False
1947,C01552,1,0,0,0.0,False
1947,C01553,1,0,0,0.0,False
1947,C01554,1,0,0,0.0,False
1947,C01555,1,0,0,0.0,False
1947,C01556,1,0,0,0.0,False
1947,C01557,1,0,0,0.0,False
1947,C01558,1,0,0,0.0,False
1947,C01559,1,0,0,0.0,False
1947,C01560,1,0,0,0.0,False
1947,C01561,1,0,0,0.0,False
1947,C01562,1,1,1,1.0,True
1947,C01563,1,0,0,0.0,False
1947,C01564,1,0,0,0.0,False
1947,C01565,1,0,0,0.0,False
1947,C01566,1,1,1,1.0,True
1947,C01567,1,0,0,0.0,False
1947,C01568,2,0,0,0.0,False
1947,C01569,1,0,0,0.0,False
1947,C01570,1,0,0,0.0,False
1947,C01571,1,0,0,0.0,False
1947,C01572,1,0,0,0.0,False
1947,C01573,1,0,0,0.0,False
1947,C01574,1,0,0,0.0,False
1947,C01575,1,0,0,0.0,False
1947,C01576,1,0,0,0.0,False
1947,C01577,1,0,0,0.0,False
1947,C01578,1,0,0,0.0,False
1947,C01579,1,0,0,0.0,False
1947,C01580,1,0,0,0.0,False
1950,C00001,10,1,1,0.1,True
1950,C00004,1,1,1,1.0,True
1950,C00005,1,0,0,0.0,False
1950,C00006,1,0,0,0.0,False
1950,C00007,3,1,1,0.3333333333333333,True
1950,C00008,6,0,0,0.0,False
1950,C00009,3,0,0,0.0,False
1950,C00010,2,0,0,0.0,False
1950,C00012,3,0,0,0.0,False
1950,C00014,4,0,0,0.0,False
1950,C00015,4,0,0,0.0,False
1950,C00016,4,1,1,0.25,True
1950,C00018,11,2,2,0.18181818181818182,True
1950,C00020,8,6,6,0.75,True
1950,C00023,1,0,0,0.0,False
1950,C00025,5,0,0,0.0,False
1950,C00026,3,0,0,0.0,False
1950,C00029,2,0,0,0.0,False
1950,C00030,3,0,0,0.0,False
1950,C00031,3,0,0,0.0,False
1950,C00032,3,1,1,0.3333333333333333,True
1950,C00037,4,1,0,0.25,True
1950,C00038,5,0,0,0.0,False
1950,C00041,3,0,0,0.0,False
1950,C00042,1,0,0,0.0,False
1950,C00043,7,4,3,0.5714285714285714,True
1950,C00046,2,0,0,0.0,False
1950,C00047,4,1,1,0.25,True
1950,C00048,6,2,2,0.3333333333333333,True
1950,C00052,2,1,0,0.5,True
1950,C00055,9,3,3,0.3333333333333333,True
1950,C00056,9,4,3,0.4444444444444444,True
1950,C00058,7,1,1,0.14285714285714285,True
1950,C00059,3,0,0,0.0,False
1950,C00060,5,2,1,0.4,True
1950,C00062,4,0,0,0.0,False
1950,C00065,5,0,0,0.0,False
1950,C00067,2,0,0,0.0,False
1950,C00068,2,0,0,0.0,False
1950,C00069,2,0,0,0.0,False
1950,C00070,1,0,0,0.0,False
1950,C00071,2,0,0,0.0,False
1950,C00072,5,0,0,0.0,False
1950,C00073,4,2,0,0.5,True
1950,C00075,5,0,0,0.0,False
1950,C00076,7,0,0,0.0,False
1950,C00078,6,0,0,0.0,False
1950,C00080,10,3,3,0.3,True
1950,C00082,3,1,1,0.3333333333333333,True
1950,C00083,2,0,0,0.0,False
1950,C00084,4,0,0,0.0,False
1950,C00086,1,0,0,0.0,False
1950,C00088,2,0,0,0.0,False
1950,C00091,8,3,3,0.375,True
1950,C00092,6,1,1,0.16666666666666666,True
1950,C00093,4,1,1,0.25,True
1950,C00094,3,0,0,0.0,False
1950,C00099,1,1,1,1.0,True
1950,C00101,6,2,2,0.3333333333333333,True
1950,C00102,6,3,3,0.5,True
1950,C00103,4,0,0,0.0,False
1950,C00105,2,1,1,0.5,True
1950,C00106,8,0,0,0.0,False
1950,C00108,1,0,0,0.0,False
1950,C00109,4,1,1,0.25,True
1950,C00111,1,0,0,0.0,False
1950,C00112,7,1,1,0.14285714285714285,True
1950,C00113,3,0,0,0.0,False
1950,C00114,7,0,0,0.0,False
1950,C00115,4,0,0,0.0,False
1950,C00117,4,0,0,0.0,False
1950,C00118,8,0,0,0.0,False
1950,C00121,4,0,0,0.0,False
1950,C00123,3,0,0,0.0,False
1950,C00126,5,0,0,0.0,False
1950,C00128,5,0,0,0.0,False
1950,C00130,2,0,0,0.0,False
1950,C00131,3,1,1,0.3333333333333333,True
1950,C00133,2,0,0,0.0,False
1950,C00140,1,1,1,1.0,True
1950,C00141,5,1,1,0.2,True
1950,C00142,2,0,0,0.0,False
1950,C00143,5,0,0,0.0,False
1950,C00145,3,0,0,0.0,False
1950,C00147,3,0,0,0.0,False
1950,C00148,4,3,3,0.75,True
1950,C00151,2,0,0,0.0,False
1950,C00152,1,0,0,0.0,False
1950,C00153,3,0,0,0.0,False
1950,C00157,6,2,2,0.3333333333333333,True
1950,C00160,2,0,0,0.0,False
1950,C00162,1,0,0,0.0,False
1950,C00164,4,1,1,0.25,True
1950,C00167,3,0,0,0.0,False
1950,C00169,1,0,0,0.0,False
1950,C00170,1,0,0,0.0,False
1950,C00171,5,1,1,0.2,True
1950,C00175,5,0,0,0.0,False
1950,C00176,3,0,0,0.0,False
1950,C00178,5,1,1,0.2,True
1950,C00179,1,0,0,0.0,False
1950,C00181,1,0,0,0.0,False
1950,C00182,5,1,1,0.2,True
1950,C00184,6,2,2,0.3333333333333333,True
1950,C00185,5,1,1,0.2,True
1950,C00190,6,2,2,0.3333333333333333,True
1950,C00191,2,0,0,0.0,False
1950,C00192,2,0,0,0.0,False
1950,C00196,3,0,0,0.0,False
1950,C00200,3,0,0,0.0,False
1950,C00209,6,0,0,0.0,False
1950,C00210,12,1,1,0.08333333333333333,True
1950,C00213,1,0,0,0.0,False
1950,C00226,2,0,0,0.0,False
1950,C00229,1,1,1,1.0,True
1950,C00232,7,0,0,0.0,False
1950,C00238,1,0,0,0.0,False
1950,C00239,1,0,0,0.0,False
1950,C00241,4,0,0,0.0,False
1950,C00246,1,0,0,0.0,False
1950,C00247,3,0,0,0.0,False
1950,C00248,5,0,0,0.0,False
1950,C00249,3,0,0,0.0,False
1950,C00250,1,0,0,0.0,False
1950,C00259,4,0,0,0.0,False
1950,C00261,3,0,0,0.0,False
1950,C00266,1,0,0,0.0,False
1950,C00267,1,1,1,1.0,True
1950,C00273,6,0,0,0.0,False
1950,C00275,2,1,1,0.5,True
1950,C00280,6,0,0,0.0,False
1950,C00282,3,0,0,0.0,False
1950,C00288,7,0,0,0.0,False
1950,C00289,4,0,0,0.0,False
1950,C00290,7,1,1,0.14285714285714285,True
1950,C00291,7,1,1,0.14285714285714285,True
1950,C00293,2,1,1,0.5,True
1950,C00295,6,0,0,0.0,False
1950,C00302,4,0,0,0.0,False
1950,C00303,4,0,0,0.0,False
1950,C00304,7,0,0,0.0,False
1950,C00309,2,1,1,0.5,True
1950,C00310,1,0,0,0.0,False
1950,C00315,4,0,0,0.0,False
1950,C00317,6,1,1,0.16666666666666666,True
1950,C00318,5,1,0,0.2,True
1950,C00319,2,0,0,0.0,False
1950,C00323,1,0,0,0.0,False
1950,C00324,2,0,0,0.0,False
1950,C00325,4,1,1,0.25,True
1950,C00333,1,0,0,0.0,False
1950,C00335,1,0,0,0.0,False
1950,C00340,1,0,0,0.0,False
1950,C00341,1,0,0,0.0,False
1950,C00345,3,1,1,0.3333333333333333,True
1950,C00346,4,0,0,0.0,False
1950,C00357,2,0,0,0.0,False
1950,C00362,1,0,0,0.0,False
1950,C00367,2,0,0,0.0,False
1950,C00368,3,1,1,0.3333333333333333,True
1950,C00372,1,0,0,0.0,False
1950,C00374,3,0,0,0.0,False
1950,C00378,4,0,0,0.0,False
1950,C00383,9,0,0,0.0,False
1950,C00385,1,0,0,0.0,False
1950,C00389,1,0,0,0.0,False
1950,C00393,5,0,0,0.0,False
1950,C00396,2,0,0,0.0,False
1950,C00415,1,0,0,0.0,False
1950,C00419,8,3,3,0.375,True
1950,C00420,3,0,0,0.0,False
1950,C00422,5,2,2,0.4,True
1950,C00423,7,1,1,0.14285714285714285,True
1950,C00425,1,0,0,0.0,False
1950,C00427,3,0,0,0.0,False
1950,C00428,4,0,0,0.0,False
1950,C00429,4,0,0,0.0,False
1950,C00431,2,0,0,0.0,False
1950,C00434,3,0,0,0.0,False
1950,C00435,6,0,0,0.0,False
1950,C00436,1,0,0,0.0,False
1950,C00437,6,2,2,0.3333333333333333,True
1950,C00439,3,0,0,0.0,False
1950,C00442,5,1,1,0.2,True
1950,C00443,2,0,0,0.0,False
1950,C00445,1,0,0,0.0,False
1950,C00448,3,0,0,0.0,False
1950,C00450,1,1,1,1.0,True
1950,C00459,7,1,1,0.14285714285714285,True
1950,C00461,1,0,0,0.0,False
1950,C00463,1,0,0,0.0,False
1950,C00469,3,0,0,0.0,False
1950,C00472,2,0,0,0.0,False
1950,C00473,2,1,0,0.5,True
1950,C00476,2,0,0,0.0,False
1950,C00477,2,0,0,0.0,False
1950,C00478,4,0,0,0.0,False
1950,C00479,3,0,0,0.0,False
1950,C00482,7,0,0,0.0,False
1950,C00483,2,0,0,0.0,False
1950,C00485,3,0,0,0.0,False
1950,C00487,1,1,1,1.0,True
1950,C00488,1,0,0,0.0,False
1950,C00494,4,0,0,0.0,False
1950,C00496,3,0,0,0.0,False
1950,C00497,1,0,0,0.0,False
1950,C00503,1,1,1,1.0,True
1950,C00504,1,0,0,0.0,False
1950,C00507,6,0,0,0.0,False
1950,C00508,6,0,0,0.0,False
1950,C00511,5,1,1,0.2,True
1950,C00512,3,0,0,0.0,False
1950,C00516,1,1,1,1.0,True
1950,C00517,1,0,0,0.0,False
1950,C00520,3,0,0,0.0,False
1950,C00523,5,1,1,0.2,True
1950,C00524,9,1,1,0.1111111111111111,True
1950,C00530,1,0,0,0.0,False
1950,C00531,2,0,0,0.0,False
1950,C00536,2,0,0,0.0,False
1950,C00543,1,0,0,0.0,False
1950,C00544,1,0,0,0.0,False
1950,C00546,3,0,0,0.0,False
1950,C00552,8,1,1,0.125,True
1950,C00558,1,0,0,0.0,False
1950,C00572,2,0,0,0.0,False
1950,C00575,2,0,0,0.0,False
1950,C00580,4,0,0,0.0,False
1950,C00582,7,1,1,0.14285714285714285,True
1950,C00584,4,0,0,0.0,False
1950,C00626,1,0,0,0.0,False
1950,C00639,6,0,0,0.0,False
1950,C00648,1,0,0,0.0,False
1950,C00704,2,0,0,0.0,False
1950,C00717,1,0,0,0.0,False
1950,C00733,1,0,0,0.0,False
1950,C00736,3,0,0,0.0,False
1950,C00737,4,0,0,0.0,False
1950,C00739,2,0,0,0.0,False
1950,C00740,5,0,0,0.0,False
1950,C00745,1,0,0,0.0,False
1950,C00752,3,1,1,0.3333333333333333,True
1950,C00766,1,1,1,1.0,True
1950,C00768,2,0,0,0.0,False
1950,C00769,4,1,1,0.25,True
1950,C00770,1,0,0,0.0,False
1950,C00774,5,0,0,0.0,False
1950,C00779,3,0,0,0.0,False
1950,C00782,1,0,0,0.0,False
1950,C00793,1,1,1,1.0,True
1950,C00795,2,0,0,0.0,False
1950,C00797,1,0,0,0.0,False
1950,C00804,2,0,0,0.0,False
1950,C00810,8,2,2,0.25,True
1950,C00812,3,0,0,0.0,False
1950,C00813,3,0,0,0.0,False
1950,C00820,1,0,0,0.0,False
1950,C00824,1,0,0,0.0,False
1950,C00825,5,0,0,0.0,False
1950,C00831,1,0,0,0.0,False
1950,C00832,3,0,0,0.0,False
1950,C00833,3,0,0,0.0,False
1950,C00837,4,1,1,0.25,True
1950,C00838,1,0,0,0.0,False
1950,C00839,2,0,0,0.0,False
1950,C00846,3,0,0,0.0,False
1950,C00848,1,1,1,1.0,True
1950,C00851,4,1,1,0.25,True
1950,C00855,3,0,0,0.0,False
1950,C00860,2,0,0,0.0,False
1950,C00863,2,0,0,0.0,False
1950,C00865,3,0,0,0.0,False
1950,C00866,1,1,1,1.0,True
1950,C00874,1,0,0,0.0,False
1950,C00878,2,0,0,0.0,False
1950,C00884,4,0,0,0.0,False
1950,C00885,6,0,0,0.0,False
1950,C00886,4,0,0,0.0,False
1950,C00893,2,0,0,0.0,False
1950,C00895,1,1,1,1.0,True
1950,C00909,4,1,1,0.25,True
1950,C00912,2,0,0,0.0,False
1950,C00915,3,0,0,0.0,False
1950,C00916,3,0,0,0.0,False
1950,C00966,1,0,0,0.0,False
1950,C00977,3,1,1,0.3333333333333333,True
1950,C00988,2,0,0,0.0,False
1950,C00997,3,0,0,0.0,False
1950,C01002,4,1,1,0.25,True
1950,C01010,1,0,0,0.0,False
1950,C01013,1,0,0,0.0,False
1950,C01015,7,0,0,0.0,False
1950,C01018,3,0,0,0.0,False
1950,C01020,2,2,2,1.0,True
1950,C01022,5,3,3,0.6,True
1950,C01025,1,0,0,0.0,False
1950,C01026,1,1,1,1.0,True
1950,C01028,4,0,0,0.0,False
1950,C01030,3,1,1,0.3333333333333333,True
1950,C01032,3,1,1,0.3333333333333333,True
1950,C01033,2,2,2,1.0,True
1950,C01034,1,1,0,1.0,True
1950,C01035,1,0,0,0.0,False
1950,C01036,2,0,0,0.0,False
1950,C01038,1,0,0,0.0,False
1950,C01044,5,1,1,0.2,True
1950,C01045,1,0,0,0.0,False
1950,C01047,2,0,0,0.0,False
1950,C01051,1,0,0,0.0,False
1950,C01052,2,0,0,0.0,False
1950,C01053,1,0,0,0.0,False
1950,C01056,1,0,0,0.0,False
1950,C01057,1,0,0,0.0,False
1950,C01063,5,0,0,0.0,False
1950,C01070,1,0,0,0.0,False
1950,C01071,2,0,0,0.0,False
1950,C01072,1,0,0,0.0,False
1950,C01074,4,0,0,0.0,False
1950,C01077,1,0,0,0.0,False
1950,C01082,3,0,0,0.0,False
1950,C01092,1,0,0,0.0,False
1950,C01093,2,0,0,0.0,False
1950,C01108,2,0,0,0.0,False
1950,C01113,5,0,0,0.0,False
1950,C01117,4,0,0,0.0,False
1950,C01118,6,0,0,0.0,False
1950,C01123,2,2,2,1.0,True
1950,C01124,3,2,2,0.6666666666666666,True
1950,C01128,1,0,0,0.0,False
1950,C01136,6,0,0,0.0,False
1950,C01146,1,1,1,1.0,True
1950,C01150,3,0,0,0.0,False
1950,C01157,3,2,1,0.6666666666666666,True
1950,C01164,1,1,1,1.0,True
1950,C01166,2,1,1,0.5,True
1950,C01167,2,0,0,0.0,False
1950,C01175,2,0,0,0.0,False
1950,C01176,2,0,0,0.0,False
1950,C01177,7,0,0,0.0,False
1950,C01178,4,0,0,0.0,False
1950,C01179,1,1,1,1.0,True
1950,C01180,3,0,0,0.0,False
1950,C01181,1,1,1,1.0,True
1950,C01188,5,0,0,0.0,False
1950,C01192,1,0,0,0.0,False
1950,C01194,1,0,0,0.0,False
1950,C01197,2,0,0,0.0,False
1950,C01198,2,0,0,0.0,False
1950,C01199,5,2,2,0.4,True
1950,C01200,3,0,0,0.0,False
1950,C01205,3,0,0,0.0,False
1950,C01206,2,0,0,0.0,False
1950,C01209,2,0,0,0.0,False
1950,C01212,3,1,1,0.3333333333333333,True
1950,C01214,3,0,0,0.0,False
1950,C01215,2,0,0,0.0,False
1950,C01217,2,1,0,0.5,True
1950,C01220,1,0,0,0.0,False
1950,C01221,1,1,1,1.0,True
1950,C01222,2,0,0,0.0,False
1950,C01223,5,1,1,0.2,True
1950,C01227,3,0,0,0.0,False
1950,C01228,1,0,0,0.0,False
1950,C01230,5,1,1,0.2,True
1950,C01232,3,0,0,0.0,False
1950,C01235,1,1,1,1.0,True
1950,C01237,1,0,0,0.0,False
1950,C01240,2,0,0,0.0,False
1950,C01241,3,0,0,0.0,False
1950,C01242,9,0,0,0.0,False
1950,C01244,1,0,0,0.0,False
1950,C01245,3,0,0,0.0,False
1950,C01247,3,0,0,0.0,False
1950,C01248,4,2,2,0.5,True
1950,C01250,1,0,0,0.0,False
1950,C01252,1,0,0,0.0,False
1950,C01257,1,0,0,0.0,False
1950,C01258,1,0,0,0.0,False
1950,C01259,1,1,1,1.0,True
1950,C01262,1,0,0,0.0,False
1950,C01265,6,0,0,0.0,False
1950,C01266,4,0,0,0.0,False
1950,C01267,4,1,1,0.25,True
1950,C01269,2,0,0,0.0,False
1950,C01271,6,1,1,0.16666666666666666,True
1950,C01274,4,0,0,0.0,False
1950,C01275,6,1,1,0.16666666666666666,True
1950,C01276,5,2,2,0.4,True
1950,C01281,3,0,0,0.0,False
1950,C01282,5,3,3,0.6,True
1950,C01283,2,0,0,0.0,False
1950,C01288,4,0,0,0.0,False
1950,C01289,1,1,1,1.0,True
1950,C01292,2,0,0,0.0,False
1950,C01293,6,2,2,0.3333333333333333,True
1950,C01294,4,0,0,0.0,False
1950,C01298,3,0,0,0.0,False
1950,C01299,5,1,1,0.2,True
1950,C01300,1,0,0,0.0,False
1950,C01303,1,0,0,0.0,False
1950,C01304,3,0,0,0.0,False
1950,C01307,1,1,1,1.0,True
1950,C01309,1,0,0,0.0,False
1950,C01310,1,0,0,0.0,False
1950,C01311,3,0,0,0.0,False
1950,C01318,2,0,0,0.0,False
1950,C01320,7,0,0,0.0,False
1950,C01322,4,0,0,0.0,False
1950,C01325,8,1,1,0.125,True
1950,C01326,3,1,1,0.3333333333333333,True
1950,C01328,3,0,0,0.0,False
1950,C01329,1,0,0,0.0,False
1950,C01330,1,0,0,0.0,False
1950,C01331,1,0,0,0.0,False
1950,C01334,1,0,0,0.0,False
1950,C01335,1,0,0,0.0,False
1950,C01336,1,0,0,0.0,False
1950,C01337,3,0,0,0.0,False
1950,C01338,4,0,0,0.0,False
1950,C01340,1,0,0,0.0,False
1950,C01341,4,0,0,0.0,False
1950,C01342,1,0,0,0.0,False
1950,C01345,1,0,0,0.0,False
1950,C01346,1,0,0,0.0,False
1950,C01349,6,1,1,0.16666666666666666,True
1950,C01351,5,0,0,0.0,False
1950,C01354,1,0,0,0.0,False
1950,C01355,4,0,0,0.0,False
1950,C01357,3,1,1,0.3333333333333333,True
1950,C01360,1,0,0,0.0,False
1950,C01361,4,0,0,0.0,False
1950,C01362,4,1,1,0.25,True
1950,C01363,4,1,1,0.25,True
1950,C01365,5,1,1,0.2,True
1950,C01366,3,0,0,0.0,False
1950,C01369,1,0,0,0.0,False
1950,C01370,1,0,0,0.0,False
1950,C01372,1,0,0,0.0,False
1950,C01373,1,0,0,0.0,False
1950,C01376,1,0,0,0.0,False
1950,C01377,1,0,0,0.0,False
1950,C01379,1,0,0,0.0,False
1950,C01383,1,0,0,0.0,False
1950,C01384,1,0,0,0.0,False
1950,C01385,3,2,2,0.6666666666666666,True
1950,C01386,1,0,0,0.0,False
1950,C01390,3,0,0,0.0,False
1950,C01391,3,0,0,0.0,False
1950,C01393,1,0,0,0.0,False
1950,C01400,2,1,0,0.5,True
1950,C01406,3,0,0,0.0,False
1950,C01408,2,2,1,1.0,True
1950,C01409,1,1,1,1.0,True
1950,C01410,3,1,1,0.3333333333333333,True
1950,C01412,1,0,0,0.0,False
1950,C01416,4,0,0,0.0,False
1950,C01417,4,0,0,0.0,False
1950,C01424,3,0,0,0.0,False
1950,C01427,8,2,2,0.25,True
1950,C01428,4,0,0,0.0,False
1950,C01430,2,1,1,0.5,True
1950,C01433,9,2,1,0.2222222222222222,True
1950,C01434,1,0,0,0.0,False
1950,C01435,1,0,0,0.0,False
1950,C01436,3,1,1,0.3333333333333333,True
1950,C01438,1,0,0,0.0,False
1950,C01439,1,0,0,0.0,False
1950,C01440,2,0,0,0.0,False
1950,C01441,1,0,0,0.0,False
1950,C01442,2,0,0,0.0,False
1950,C01446,4,0,0,0.0,False
1950,C01453,2,0,0,0.0,False
1950,C01454,3,0,0,0.0,False
1950,C01455,3,0,0,0.0,False
1950,C01456,1,0,0,0.0,False
1950,C01457,1,0,0,0.0,False
1950,C01459,1,0,0,0.0,False
1950,C01460,7,1,1,0.14285714285714285,True
1950,C01462,3,0,0,0.0,False
1950,C01464,4,1,0,0.25,True
1950,C01465,2,1,0,0.5,True
1950,C01468,2,0,0,0.0,False
1950,C01469,2,0,0,0.0,False
1950,C01471,1,1,1,1.0,True
1950,C01472,4,0,0,0.0,False
1950,C01474,3,0,0,0.0,False
1950,C01475,2,0,0,0.0,False
1950,C01476,1,0,0,0.0,False
1950,C01477,2,0,0,0.0,False
1950,C01480,1,0,0,0.0,False
1950,C01481,2,0,0,0.0,False
1950,C01483,1,0,0,0.0,False
1950,C01486,1,0,0,0.0,False
1950,C01493,1,1,1,1.0,True
1950,C01495,2,0,0,0.0,False
1950,C01496,1,0,0,0.0,False
1950,C01499,3,1,0,0.3333333333333333,True
1950,C01503,1,0,0,0.0,False
1950,C01505,1,0,0,0.0,False
1950,C01507,2,0,0,0.0,False
1950,C01508,1,1,1,1.0,True
1950,C01515,1,1,1,1.0,True
1950,C01516,1,0,0,0.0,False
1950,C01517,3,0,0,0.0,False
1950,C01518,1,0,0,0.0,False
1950,C01520,1,0,0,0.0,False
1950,C01526,6,1,1,0.16666666666666666,True
1950,C01534,10,1,1,0.1,True
1950,C01537,1,1,1,1.0,True
1950,C01538,2,0,0,0.0,False
1950,C01541,1,0,0,0.0,False
1950,C01544,6,0,0,0.0,False
1950,C01545,1,1,1,1.0,True
1950,C01546,2,0,0,0.0,False
1950,C01549,1,0,0,0.0,False
1950,C01550,1,0,0,0.0,False
1950,C01554,2,0,0,0.0,False
1950,C01555,2,0,0,0.0,False
1950,C01565,2,0,0,0.0,False
1950,C01567,3,0,0,0.0,False
1950,C01568,6,1,1,0.16666666666666666,True
1950,C01577,1,0,0,0.0,False
1950,C01581,3,0,0,0.0,False
1950,C01582,1,1,1,1.0,True
1950,C01583,1,0,0,0.0,False
1950,C01584,1,0,0,0.0,False
1950,C01585,1,0,0,0.0,False
1950,C01586,2,0,0,0.0,False
1950,C01587,2,0,0,0.0,False
1950,C01588,1,0,0,0.0,False
1950,C01589,3,0,0,0.0,False
1950,C01590,4,0,0,0.0,False
1950,C01591,4,0,0,0.0,False
1950,C01592,1,0,0,0.0,False
1950,C01593,3,1,1,0.3333333333333333,True
1950,C01594,1,0,0,0.0,False
1950,C01595,1,0,0,0.0,False
1950,C01596,1,0,0,0.0,False
1950,C01597,1,0,0,0.0,False
1950,C01598,5,0,0,0.0,False
1950,C01599,1,0,0,0.0,False
1950,C01600,2,1,1,0.5,True
1950,C01601,7,0,0,0.0,False
1950,C01602,1,0,0,0.0,False
1950,C01603,2,0,0,0.0,False
1950,C01604,1,0,0,0.0,False
1950,C01605,1,0,0,0.0,False
1950,C01606,4,0,0,0.0,False
1950,C01607,1,0,0,0.0,False
1950,C01608,1,0,0,0.0,False
1950,C01609,1,0,0,0.0,False
1950,C01610,1,0,0,0.0,False
1950,C01611,5,1,1,0.2,True
1950,C01612,1,0,0,0.0,False
1950,C01613,1,0,0,0.0,False
1950,C01614,1,0,0,0.0,False
1950,C01615,1,0,0,0.0,False
1950,C01616,2,0,0,0.0,False
1950,C01617,1,0,0,0.0,False
1950,C01618,3,0,0,0.0,False
1950,C01619,1,0,0,0.0,False
1950,C01620,2,0,0,0.0,False
1950,C01621,2,0,0,0.0,False
1950,C01622,1,0,0,0.0,False
1950,C01623,1,0,0,0.0,False
1950,C01624,3,0,0,0.0,False
1950,C01625,1,0,0,0.0,False
1950,C01626,1,0,0,0.0,False
1950,C01627,4,1,1,0.25,True
1950,C01628,1,1,1,1.0,True
1950,C01629,1,0,0,0.0,False
1950,C01630,1,0,0,0.0,False
1950,C01631,1,0,0,0.0,False
1950,C01632,1,0,0,0.0,False
1950,C01633,1,1,1,1.0,True
1950,C01634,1,1,1,1.0,True
1950,C01635,1,0,0,0.0,False
1950,C01636,1,0,0,0.0,False
1950,C01637,3,0,0,0.0,False
1950,C01638,4,0,0,0.0,False
1950,C01639,1,1,0,1.0,True
1950,C01640,1,1,1,1.0,True
1950,C01641,1,0,0,0.0,False
1950,C01642,1,0,0,0.0,False
1950,C01643,1,0,0,0.0,False
1950,C01644,1,0,0,0.0,False
1950,C01645,6,0,0,0.0,False
1950,C01646,3,0,0,0.0,False
1950,C01647,4,0,0,0.0,False
1950,C01648,1,0,0,0.0,False
1950,C01649,1,0,0,0.0,False
1950,C01650,3,0,0,0.0,False
1950,C01651,1,0,0,0.0,False
1950,C01652,1,1,0,1.0,True
1950,C01653,1,0,0,0.0,False
1950,C01654,1,0,0,0.0,False
1950,C01655,1,0,0,0.0,False
1950,C01656,1,0,0,0.0,False
1950,C01657,1,0,0,0.0,False
1950,C01658,1,0,0,0.0,False
1950,C01659,3,0,0,0.0,False
1950,C01660,1,0,0,0.0,False
1950,C01661,1,0,0,0.0,False
1950,C01662,1,1,0,1.0,True
1950,C01663,1,1,1,1.0,True
1950,C01664,1,0,0,0.0,False
1950,C01665,1,0,0,0.0,False
1950,C01666,2,0,0,0.0,False
1950,C01667,4,0,0,0.0,False
1950,C01668,1,0,0,0.0,False
1950,C01669,1,0,0,0.0,False
1950,C01670,1,0,0,0.0,False
1950,C01671,1,0,0,0.0,False
1950,C01672,3,0,0,0.0,False
1950,C01673,1,0,0,0.0,False
1950,C01674,4,0,0,0.0,False
1950,C01675,5,1,0,0.2,True
1950,C01676,1,1,1,1.0,True
1950,C01677,1,0,0,0.0,False
1950,C01678,1,0,0,0.0,False
1950,C01679,5,1,1,0.2,True
1950,C01680,1,0,0,0.0,False
1950,C01681,3,0,0,0.0,False
1950,C01682,1,0,0,0.0,False
1950,C01683,1,0,0,0.0,False
1950,C01684,3,0,0,0.0,False
1950,C01685,1,1,1,1.0,True
1950,C01686,1,1,1,1.0,True
1950,C01687,7,0,0,0.0,False
1950,C01688,1,0,0,0.0,False
1950,C01689,2,0,0,0.0,False
1950,C01690,1,1,1,1.0,True
1950,C01691,1,1,1,1.0,True
1950,C01692,1,1,1,1.0,True
1950,C01693,5,0,0,0.0,False
1950,C01694,1,0,0,0.0,False
1950,C01695,1,0,0,0.0,False
1950,C01696,1,0,0,0.0,False
1950,C01697,2,0,0,0.0,False
1950,C01698,1,0,0,0.0,False
1950,C01699,1,0,0,0.0,False
1950,C01700,5,1,1,0.2,True
1950,C01701,1,0,0,0.0,False
1950,C01702,1,0,0,0.0,False
1950,C01703,4,0,0,0.0,False
1950,C01704,1,0,0,0.0,False
1950,C01705,1,0,0,0.0,False
1950,C01706,1,0,0,0.0,False
1950,C01707,1,0,0,0.0,False
1950,C01708,1,0,0,0.0,False
1950,C01709,3,0,0,0.0,False
1950,C01710,1,0,0,0.0,False
1950,C01711,1,0,0,0.0,False
1950,C01712,1,0,0,0.0,False
1950,C01713,1,0,0,0.0,False
1950,C01714,1,0,0,0.0,False
1950,C01715,1,0,0,0.0,False
1950,C01716,4,0,0,0.0,False
1950,C01717,2,0,0,0.0,False
1950,C01718,5,0,0,0.0,False
1950,C01719,1,1,1,1.0,True
1950,C01720,1,0,0,0.0,False
1950,C01721,1,0,0,0.0,False
1950,C01722,1,0,0,0.0,False
1950,C01723,1,0,0,0.0,False
1950,C01724,1,0,0,0.0,False
1950,C01725,1,1,1,1.0,True
1950,C01726,1,0,0,0.0,False
1950,C01727,1,0,0,0.0,False
1950,C01728,2,0,0,0.0,False
1950,C01729,1,0,0,0.0,False
1950,C01730,1,1,1,1.0,True
1950,C01731,1,1,1,1.0,True
1950,C01732,1,1,1,1.0,True
1950,C01733,1,0,0,0.0,False
1950,C01734,1,1,1,1.0,True
1950,C01735,1,0,0,0.0,False
1950,C01736,2,0,0,0.0,False
1950,C01737,4,1,1,0.25,True
1950,C01738,1,0,0,0.0,False
1950,C01739,4,0,0,0.0,False
1950,C01740,1,0,0,0.0,False
1950,C01741,1,0,0,0.0,False
1950,C01742,2,0,0,0.0,False
1950,C01743,1,0,0,0.0,False
1950,C01744,1,1,0,1.0,True
1950,C01745,5,0,0,0.0,False
1950,C01746,3,0,0,0.0,False
1950,C01747,1,0,0,0.0,False
1950,C01748,1,0,0,0.0,False
1950,C01749,4,1,1,0.25,True
1950,C01750,1,0,0,0.0,False
1950,C01751,1,1,0,1.0,True
1950,C01752,1,1,1,1.0,True
1950,C01753,1,1,1,1.0,True
1950,C01754,1,1,0,1.0,True
1950,C01755,1,1,0,1.0,True
1950,C01756,1,0,0,0.0,False
1950,C01757,1,0,0,0.0,False
1950,C01758,1,1,0,1.0,True
1950,C01759,1,0,0,0.0,False
1950,C01760,2,0,0,0.0,False
1950,C01761,1,0,0,0.0,False
1950,C01762,1,1,1,1.0,True
1950,C01763,3,0,0,0.0,False
1950,C01764,1,0,0,0.0,False
1950,C01765,1,0,0,0.0,False
1950,C01766,1,0,0,0.0,False
1950,C01767,1,0,0,0.0,False
1950,C01768,1,0,0,0.0,False
1950,C01769,1,0,0,0.0,False
1950,C01770,1,1,1,1.0,True
1950,C01771,1,0,0,0.0,False
1950,C01772,1,0,0,0.0,False
1950,C01773,2,0,0,0.0,False
1950,C01774,1,1,1,1.0,True
1950,C01775,2,0,0,0.0,False
1950,C01776,1,0,0,0.0,False
1950,C01777,2,0,0,0.0,False
1950,C01778,1,0,0,0.0,False
1950,C01779,1,1,0,1.0,True
1950,C01780,2,0,0,0.0,False
1950,C01781,1,0,0,0.0,False
1950,C01782,1,0,0,0.0,False
1950,C01783,2,0,0,0.0,False
1950,C01784,1,0,0,0.0,False
1950,C01785,1,0,0,0.0,False
1950,C01786,4,1,1,0.25,True
1950,C01787,1,1,1,1.0,True
1950,C01788,1,0,0,0.0,False
1950,C01789,1,0,0,0.0,False
1950,C01790,1,0,0,0.0,False
1950,C01791,1,0,0,0.0,False
1950,C01792,1,0,0,0.0,False
1950,C01793,1,0,0,0.0,False
1950,C01794,1,0,0,0.0,False
1950,C01795,1,0,0,0.0,False
1950,C01796,1,0,0,0.0,False
1950,C01797,1,0,0,0.0,False
1950,C01798,4,0,0,0.0,False
1950,C01799,5,0,0,0.0,False
1950,C01800,1,0,0,0.0,False
1950,C01801,1,1,0,1.0,True
1950,C01802,1,1,0,1.0,True
1950,C01803,2,2,0,1.0,True
1950,C01804,1,0,0,0.0,False
1950,C01805,2,0,0,0.0,False
1950,C01806,1,0,0,0.0,False
1950,C01807,2,1,1,0.5,True
1950,C01808,1,0,0,0.0,False
1950,C01809,1,0,0,0.0,False
1950,C01810,1,1,0,1.0,True
1950,C01811,1,0,0,0.0,False
1950,C01812,1,0,0,0.0,False
1950,C01813,1,1,1,1.0,True
1950,C01814,1,0,0,0.0,False
1950,C01815,1,0,0,0.0,False
1950,C01816,1,0,0,0.0,False
1950,C01817,1,0,0,0.0,False
1950,C01818,1,0,0,0.0,False
1950,C01819,1,0,0,0.0,False
1950,C01820,2,0,0,0.0,False
1950,C01821,2,0,0,0.0,False
1950,C01822,1,0,0,0.0,False
1950,C01823,1,0,0,0.0,False
1950,C01824,1,1,1,1.0,True
1950,C01825,1,0,0,0.0,False
1950,C01826,1,0,0,0.0,False
1950,C01827,1,0,0,0.0,False
1950,C01828,1,1,1,1.0,True
1950,C01829,4,0,0,0.0,False
1950,C01830,1,0,0,0.0,False
1950,C01831,1,0,0,0.0,False
1950,C01832,1,1,1,1.0,True
1950,C01833,7,0,0,0.0,False
1950,C01834,3,0,0,0.0,False
1950,C01835,2,1,1,0.5,True
1950,C01836,1,0,0,0.0,False
1950,C01837,1,0,0,0.0,False
1950,C01838,1,0,0,0.0,False
1950,C01839,1,0,0,0.0,False
1950,C01840,1,0,0,0.0,False
1950,C01841,1,0,0,0.0,False
1950,C01842,1,0,0,0.0,False
1950,C01843,1,0,0,0.0,False
1950,C01844,1,0,0,0.0,False
1950,C01845,3,0,0,0.0,False
1950,C01846,2,0,0,0.0,False
1950,C01847,1,0,0,0.0,False
1950,C01848,3,0,0,0.0,False
1950,C01849,1,0,0,0.0,False
1950,C01850,4,0,0,0.0,False
1950,C01851,2,0,0,0.0,False
1950,C01852,1,0,0,0.0,False
1950,C01853,1,1,1,1.0,True
1950,C01854,1,1,1,1.0,True
1950,C01855,1,0,0,0.0,False
1950,C01856,1,0,0,0.0,False
1950,C01857,1,1,0,1.0,True
1950,C01858,1,0,0,0.0,False
1950,C01859,1,1,1,1.0,True
1950,C01860,1,0,0,0.0,False
1950,C01861,1,0,0,0.0,False
1950,C01862,1,0,0,0.0,False
1950,C01863,1,0,0,0.0,False
1950,C01864,1,0,0,0.0,False
1950,C01865,2,0,0,0.0,False
1950,C01866,4,0,0,0.0,False
1950,C01867,1,0,0,0.0,False
1950,C01868,2,0,0,0.0,False
1950,C01869,1,0,0,0.0,False
1950,C01870,1,1,1,1.0,True
1950,C01871,1,0,0,0.0,False
1950,C01872,1,0,0,0.0,False
1950,C01873,1,0,0,0.0,False
1950,C01874,2,1,1,0.5,True
1950,C01875,9,0,0,0.0,False
1950,C01876,1,0,0,0.0,False
1950,C01877,2,0,0,0.0,False
1950,C01878,3,1,1,0.3333333333333333,True
1950,C01879,2,1,1,0.5,True
1950,C01880,1,0,0,0.0,False
1950,C01881,1,0,0,0.0,False
1950,C01882,1,0,0,0.0,False
1950,C01883,1,1,1,1.0,True
1950,C01884,2,0,0,0.0,False
1950,C01885,1,1,1,1.0,True
1950,C01886,4,0,0,0.0,False
1950,C01887,3,0,0,0.0,False
1950,C01888,1,0,0,0.0,False
1950,C01889,2,0,0,0.0,False
1950,C01890,1,1,1,1.0,True
1950,C01891,1,0,0,0.0,False
1950,C01892,1,0,0,0.0,False
1950,C01893,1,0,0,0.0,False
1950,C01894,1,0,0,0.0,False
1950,C01895,1,0,0,0.0,False
1950,C01896,1,0,0,0.0,False
1950,C01897,1,0,0,0.0,False
1950,C01898,1,0,0,0.0,False
1950,C01899,1,1,1,1.0,True
1950,C01900,1,0,0,0.0,False
1950,C01901,1,0,0,0.0,False
1950,C01902,1,0,0,0.0,False
1950,C01903,1,0,0,0.0,False
1950,C01904,1,0,0,0.0,False
1950,C01905,3,0,0,0.0,False
1950,C01906,1,0,0,0.0,False
1950,C01907,2,1,1,0.5,True
1950,C01908,1,0,0,0.0,False
1950,C01909,3,0,0,0.0,False
1950,C01910,1,0,0,0.0,False
1950,C01911,2,0,0,0.0,False
1950,C01912,1,0,0,0.0,False
1950,C01913,1,1,1,1.0,True
1950,C01914,1,0,0,0.0,False
1950,C01915,1,1,1,1.0,True
1950,C01916,1,1,1,1.0,True
1950,C01917,1,1,1,1.0,True
1950,C01918,3,0,0,0.0,False
1950,C01919,1,0,0,0.0,False
1950,C01920,1,0,0,0.0,False
1950,C01921,1,0,0,0.0,False
1950,C01922,1,0,0,0.0,False
1950,C01923,1,1,1,1.0,True
1950,C01924,1,0,0,0.0,False
1950,C01925,1,0,0,0.0,False
1950,C01926,1,0,0,0.0,False
1950,C01927,3,0,0,0.0,False
1950,C01928,1,0,0,0.0,False
1950,C01929,1,0,0,0.0,False
1950,C01930,1,0,0,0.0,False
1950,C01931,1,0,0,0.0,False
1950,C01932,1,0,0,0.0,False
1950,C01933,1,0,0,0.0,False
1950,C01934,1,0,0,0.0,False
1950,C01935,1,0,0,0.0,False
1950,C01936,2,0,0,0.0,False
1950,C01937,1,0,0,0.0,False
1950,C01938,1,0,0,0.0,False
1950,C01939,2,0,0,0.0,False
1950,C01940,3,0,0,0.0,False
1950,C01941,1,0,0,0.0,False
1950,C01942,1,0,0,0.0,False
1950,C01943,1,0,0,0.0,False
1950,C01944,1,1,1,1.0,True
1950,C01945,1,1,0,1.0,True
1950,C01946,1,0,0,0.0,False
1950,C01947,1,0,0,0.0,False
1950,C01948,1,0,0,0.0,False
1950,C01949,1,1,1,1.0,True
1950,C01950,1,0,0,0.0,False
1950,C01951,1,0,0,0.0,False
1950,C01952,3,0,0,0.0,False
1950,C01953,1,0,0,0.0,False
1950,C01954,1,0,0,0.0,False
1950,C01955,2,0,0,0.0,False
1950,C01956,1,1,1,1.0,True
1950,C01957,1,0,0,0.0,False
1950,C01958,1,1,1,1.0,True
1950,C01959,1,0,0,0.0,False
1950,C01960,1,0,0,0.0,False
1950,C01961,1,1,1,1.0,True
1950,C01962,1,0,0,0.0,False
1950,C01963,1,0,0,0.0,False
1950,C01964,1,1,0,1.0,True
1950,C01965,1,0,0,0.0,False
1950,C01966,1,1,1,1.0,True
1950,C01967,1,0,0,0.0,False
1950,C01968,1,0,0,0.0,False
1950,C01969,1,1,0,1.0,True
1950,C01970,1,0,0,0.0,False
1950,C01971,1,0,0,0.0,False
1950,C01972,1,0,0,0.0,False
1950,C01973,1,0,0,0.0,False
1950,C01974,2,0,0,0.0,False
1950,C01975,1,0,0,0.0,False
1950,C01976,1,0,0,0.0,False
1950,C01977,2,0,0,0.0,False
1950,C01978,1,0,0,0.0,False
1950,C01979,1,0,0,0.0,False
1950,C01980,1,0,0,0.0,False
1950,C01981,1,0,0,0.0,False
1950,C01982,1,0,0,0.0,False
1950,C01983,1,0,0,0.0,False
1950,C01984,1,0,0,0.0,False
1950,C01985,1,0,0,0.0,False
1950,C01986,1,0,0,0.0,False
1950,C01987,1,1,1,1.0,True
