"term","estimate","lo","hi"
"edges",-6.72018445343006,-6.72018445343006,-6.59149373540707
"edgecov.memory[[i]]",6.71611947914942,6.71611947914942,6.59539862372828
"b1star2",0.127748137319423,0.127748137319423,0.119579803117001
"b2star2",-0.00371244171934787,-0.00371244171934787,-0.0307414308436196
"b1cov.office",0.30875517809145,0.30875517809145,0.269291351718899
"b1nodematch.origin",0.281100160264881,0.281100160264881,0.298320800102402
"b2cov.finance",0.191646635966947,0.191646635966947,0.241517160609699
"b2cov.land_property",0.259432483982156,0.259432483982156,0.250401645587896
"b2cov.agriculture",-0.224639050671741,-0.224639050671741,-0.313646406192839
